CaseId,SystemName,SystemSynonyms,Title,Description,Domains,RelationshipType,SourceName,SourceType,TargetName,TargetType,Extension,AllActors,AllPrimaryActors,AllSecondaryActors,AllUseCases,CreatedAt
1,Online Shopping System,Shopping System | Online Store,Online Shopping System,"The Online Shopping System facilitates product management, user registration, and the purchase of products. Administrators manage the product catalog, while users can browse, add items to a cart, purchase products, report issues, and access their accounts. The Backend Database System supports product information and user registration.",Customer Support | Database Management | E-commerce | Product Management | User Account Management,association,Backend Database System,actor,Register User,usecase,,Administrator | Backend Database System | User,Administrator | User,Backend Database System,Access Account | Add Product | Add To Cart | Buy Product | Delete Product | Recommend New Product | Register User | Report Technical Issue | Update Product Detail | View Product,2026-02-26 18:28:04
1,Online Shopping System,Shopping System | Online Store,Online Shopping System,"The Online Shopping System facilitates product management, user registration, and the purchase of products. Administrators manage the product catalog, while users can browse, add items to a cart, purchase products, report issues, and access their accounts. The Backend Database System supports product information and user registration.",Customer Support | Database Management | E-commerce | Product Management | User Account Management,association,User,actor,Buy Product,usecase,,Administrator | Backend Database System | User,Administrator | User,Backend Database System,Access Account | Add Product | Add To Cart | Buy Product | Delete Product | Recommend New Product | Register User | Report Technical Issue | Update Product Detail | View Product,2026-02-26 18:28:04
1,Online Shopping System,Shopping System | Online Store,Online Shopping System,"The Online Shopping System facilitates product management, user registration, and the purchase of products. Administrators manage the product catalog, while users can browse, add items to a cart, purchase products, report issues, and access their accounts. The Backend Database System supports product information and user registration.",Customer Support | Database Management | E-commerce | Product Management | User Account Management,association,User,actor,Add To Cart,usecase,,Administrator | Backend Database System | User,Administrator | User,Backend Database System,Access Account | Add Product | Add To Cart | Buy Product | Delete Product | Recommend New Product | Register User | Report Technical Issue | Update Product Detail | View Product,2026-02-26 18:28:04
1,Online Shopping System,Shopping System | Online Store,Online Shopping System,"The Online Shopping System facilitates product management, user registration, and the purchase of products. Administrators manage the product catalog, while users can browse, add items to a cart, purchase products, report issues, and access their accounts. The Backend Database System supports product information and user registration.",Customer Support | Database Management | E-commerce | Product Management | User Account Management,association,User,actor,Register User,usecase,,Administrator | Backend Database System | User,Administrator | User,Backend Database System,Access Account | Add Product | Add To Cart | Buy Product | Delete Product | Recommend New Product | Register User | Report Technical Issue | Update Product Detail | View Product,2026-02-26 18:28:04
1,Online Shopping System,Shopping System | Online Store,Online Shopping System,"The Online Shopping System facilitates product management, user registration, and the purchase of products. Administrators manage the product catalog, while users can browse, add items to a cart, purchase products, report issues, and access their accounts. The Backend Database System supports product information and user registration.",Customer Support | Database Management | E-commerce | Product Management | User Account Management,association,Backend Database System,actor,Update Product Detail,usecase,,Administrator | Backend Database System | User,Administrator | User,Backend Database System,Access Account | Add Product | Add To Cart | Buy Product | Delete Product | Recommend New Product | Register User | Report Technical Issue | Update Product Detail | View Product,2026-02-26 18:28:04
1,Online Shopping System,Shopping System | Online Store,Online Shopping System,"The Online Shopping System facilitates product management, user registration, and the purchase of products. Administrators manage the product catalog, while users can browse, add items to a cart, purchase products, report issues, and access their accounts. The Backend Database System supports product information and user registration.",Customer Support | Database Management | E-commerce | Product Management | User Account Management,association,Backend Database System,actor,Recommend New Product,usecase,,Administrator | Backend Database System | User,Administrator | User,Backend Database System,Access Account | Add Product | Add To Cart | Buy Product | Delete Product | Recommend New Product | Register User | Report Technical Issue | Update Product Detail | View Product,2026-02-26 18:28:04
1,Online Shopping System,Shopping System | Online Store,Online Shopping System,"The Online Shopping System facilitates product management, user registration, and the purchase of products. Administrators manage the product catalog, while users can browse, add items to a cart, purchase products, report issues, and access their accounts. The Backend Database System supports product information and user registration.",Customer Support | Database Management | E-commerce | Product Management | User Account Management,association,Administrator,actor,Update Product Detail,usecase,,Administrator | Backend Database System | User,Administrator | User,Backend Database System,Access Account | Add Product | Add To Cart | Buy Product | Delete Product | Recommend New Product | Register User | Report Technical Issue | Update Product Detail | View Product,2026-02-26 18:28:04
1,Online Shopping System,Shopping System | Online Store,Online Shopping System,"The Online Shopping System facilitates product management, user registration, and the purchase of products. Administrators manage the product catalog, while users can browse, add items to a cart, purchase products, report issues, and access their accounts. The Backend Database System supports product information and user registration.",Customer Support | Database Management | E-commerce | Product Management | User Account Management,association,Administrator,actor,Delete Product,usecase,,Administrator | Backend Database System | User,Administrator | User,Backend Database System,Access Account | Add Product | Add To Cart | Buy Product | Delete Product | Recommend New Product | Register User | Report Technical Issue | Update Product Detail | View Product,2026-02-26 18:28:04
1,Online Shopping System,Shopping System | Online Store,Online Shopping System,"The Online Shopping System facilitates product management, user registration, and the purchase of products. Administrators manage the product catalog, while users can browse, add items to a cart, purchase products, report issues, and access their accounts. The Backend Database System supports product information and user registration.",Customer Support | Database Management | E-commerce | Product Management | User Account Management,association,Administrator,actor,Add Product,usecase,,Administrator | Backend Database System | User,Administrator | User,Backend Database System,Access Account | Add Product | Add To Cart | Buy Product | Delete Product | Recommend New Product | Register User | Report Technical Issue | Update Product Detail | View Product,2026-02-26 18:28:04
1,Online Shopping System,Shopping System | Online Store,Online Shopping System,"The Online Shopping System facilitates product management, user registration, and the purchase of products. Administrators manage the product catalog, while users can browse, add items to a cart, purchase products, report issues, and access their accounts. The Backend Database System supports product information and user registration.",Customer Support | Database Management | E-commerce | Product Management | User Account Management,association,User,actor,Report Technical Issue,usecase,,Administrator | Backend Database System | User,Administrator | User,Backend Database System,Access Account | Add Product | Add To Cart | Buy Product | Delete Product | Recommend New Product | Register User | Report Technical Issue | Update Product Detail | View Product,2026-02-26 18:28:04
1,Online Shopping System,Shopping System | Online Store,Online Shopping System,"The Online Shopping System facilitates product management, user registration, and the purchase of products. Administrators manage the product catalog, while users can browse, add items to a cart, purchase products, report issues, and access their accounts. The Backend Database System supports product information and user registration.",Customer Support | Database Management | E-commerce | Product Management | User Account Management,association,User,actor,Access Account,usecase,,Administrator | Backend Database System | User,Administrator | User,Backend Database System,Access Account | Add Product | Add To Cart | Buy Product | Delete Product | Recommend New Product | Register User | Report Technical Issue | Update Product Detail | View Product,2026-02-26 18:28:04
1,Online Shopping System,Shopping System | Online Store,Online Shopping System,"The Online Shopping System facilitates product management, user registration, and the purchase of products. Administrators manage the product catalog, while users can browse, add items to a cart, purchase products, report issues, and access their accounts. The Backend Database System supports product information and user registration.",Customer Support | Database Management | E-commerce | Product Management | User Account Management,extend,View Product,usecase,Add To Cart,usecase,When Product Needs to be Viewed,Administrator | Backend Database System | User,Administrator | User,Backend Database System,Access Account | Add Product | Add To Cart | Buy Product | Delete Product | Recommend New Product | Register User | Report Technical Issue | Update Product Detail | View Product,2026-02-26 18:28:04
2,Administration Application,Admin Application | Administration App,Administration Application,"The Administration Application provides functionalities for managing system operations, user access, and logging. The Website Administrator and Helpdesk interact with the system to perform tasks such as managing users, sessions, logs, and access control policies. System backups are performed as part of access control policy management. The Helpdesk primarily focuses on log and session management, while the Website Administrator handles a broader range of administrative tasks including user management.",Access Control Management | Log Management | System Administration | System Backup and Recovery | User Management,association,Helpdesk,actor,Manage Logs,usecase,,Helpdesk | Website Administrator,Website Administrator,Helpdesk,Manage Access Control Policy | Manage Logs | Manage Session | Manage User | Perform System Backup,2026-02-26 18:28:23
2,Administration Application,Admin Application | Administration App,Administration Application,"The Administration Application provides functionalities for managing system operations, user access, and logging. The Website Administrator and Helpdesk interact with the system to perform tasks such as managing users, sessions, logs, and access control policies. System backups are performed as part of access control policy management. The Helpdesk primarily focuses on log and session management, while the Website Administrator handles a broader range of administrative tasks including user management.",Access Control Management | Log Management | System Administration | System Backup and Recovery | User Management,association,Helpdesk,actor,Manage Session,usecase,,Helpdesk | Website Administrator,Website Administrator,Helpdesk,Manage Access Control Policy | Manage Logs | Manage Session | Manage User | Perform System Backup,2026-02-26 18:28:23
2,Administration Application,Admin Application | Administration App,Administration Application,"The Administration Application provides functionalities for managing system operations, user access, and logging. The Website Administrator and Helpdesk interact with the system to perform tasks such as managing users, sessions, logs, and access control policies. System backups are performed as part of access control policy management. The Helpdesk primarily focuses on log and session management, while the Website Administrator handles a broader range of administrative tasks including user management.",Access Control Management | Log Management | System Administration | System Backup and Recovery | User Management,association,Website Administrator,actor,Manage Logs,usecase,,Helpdesk | Website Administrator,Website Administrator,Helpdesk,Manage Access Control Policy | Manage Logs | Manage Session | Manage User | Perform System Backup,2026-02-26 18:28:23
2,Administration Application,Admin Application | Administration App,Administration Application,"The Administration Application provides functionalities for managing system operations, user access, and logging. The Website Administrator and Helpdesk interact with the system to perform tasks such as managing users, sessions, logs, and access control policies. System backups are performed as part of access control policy management. The Helpdesk primarily focuses on log and session management, while the Website Administrator handles a broader range of administrative tasks including user management.",Access Control Management | Log Management | System Administration | System Backup and Recovery | User Management,association,Website Administrator,actor,Manage Session,usecase,,Helpdesk | Website Administrator,Website Administrator,Helpdesk,Manage Access Control Policy | Manage Logs | Manage Session | Manage User | Perform System Backup,2026-02-26 18:28:23
2,Administration Application,Admin Application | Administration App,Administration Application,"The Administration Application provides functionalities for managing system operations, user access, and logging. The Website Administrator and Helpdesk interact with the system to perform tasks such as managing users, sessions, logs, and access control policies. System backups are performed as part of access control policy management. The Helpdesk primarily focuses on log and session management, while the Website Administrator handles a broader range of administrative tasks including user management.",Access Control Management | Log Management | System Administration | System Backup and Recovery | User Management,association,Website Administrator,actor,Manage User,usecase,,Helpdesk | Website Administrator,Website Administrator,Helpdesk,Manage Access Control Policy | Manage Logs | Manage Session | Manage User | Perform System Backup,2026-02-26 18:28:23
2,Administration Application,Admin Application | Administration App,Administration Application,"The Administration Application provides functionalities for managing system operations, user access, and logging. The Website Administrator and Helpdesk interact with the system to perform tasks such as managing users, sessions, logs, and access control policies. System backups are performed as part of access control policy management. The Helpdesk primarily focuses on log and session management, while the Website Administrator handles a broader range of administrative tasks including user management.",Access Control Management | Log Management | System Administration | System Backup and Recovery | User Management,include,Manage Access Control Policy,usecase,Perform System Backup,usecase,,Helpdesk | Website Administrator,Website Administrator,Helpdesk,Manage Access Control Policy | Manage Logs | Manage Session | Manage User | Perform System Backup,2026-02-26 18:28:23
2,Administration Application,Admin Application | Administration App,Administration Application,"The Administration Application provides functionalities for managing system operations, user access, and logging. The Website Administrator and Helpdesk interact with the system to perform tasks such as managing users, sessions, logs, and access control policies. System backups are performed as part of access control policy management. The Helpdesk primarily focuses on log and session management, while the Website Administrator handles a broader range of administrative tasks including user management.",Access Control Management | Log Management | System Administration | System Backup and Recovery | User Management,include,Manage Logs,usecase,Manage Access Control Policy,usecase,,Helpdesk | Website Administrator,Website Administrator,Helpdesk,Manage Access Control Policy | Manage Logs | Manage Session | Manage User | Perform System Backup,2026-02-26 18:28:23
3,Design Support System,Support System | Design System,Design Support System,"The Design Support System facilitates the design and finalization of products, primarily furniture, involving clients, engineers, and administration. Clients initiate requirements and finalize products, while engineers focus on structural and heating design approvals. Administration verifies client requirements. The system supports issue reporting that can extend the product finalization process.","Furniture Design | Heating, Ventilation, and Air Conditioning (HVAC) | Product Lifecycle Management | Requirements Management | Structural Engineering",association,Client,actor,Finalize Product,usecase,,Administration | Client | Engineer,Administration | Client | Engineer,,Approve Heating Design | Approve Structural Design | Finalize Product | Report Issue | Validate Furniture Design | Verify Client Requirement,2026-02-26 18:28:43
3,Design Support System,Support System | Design System,Design Support System,"The Design Support System facilitates the design and finalization of products, primarily furniture, involving clients, engineers, and administration. Clients initiate requirements and finalize products, while engineers focus on structural and heating design approvals. Administration verifies client requirements. The system supports issue reporting that can extend the product finalization process.","Furniture Design | Heating, Ventilation, and Air Conditioning (HVAC) | Product Lifecycle Management | Requirements Management | Structural Engineering",association,Engineer,actor,Finalize Product,usecase,,Administration | Client | Engineer,Administration | Client | Engineer,,Approve Heating Design | Approve Structural Design | Finalize Product | Report Issue | Validate Furniture Design | Verify Client Requirement,2026-02-26 18:28:43
3,Design Support System,Support System | Design System,Design Support System,"The Design Support System facilitates the design and finalization of products, primarily furniture, involving clients, engineers, and administration. Clients initiate requirements and finalize products, while engineers focus on structural and heating design approvals. Administration verifies client requirements. The system supports issue reporting that can extend the product finalization process.","Furniture Design | Heating, Ventilation, and Air Conditioning (HVAC) | Product Lifecycle Management | Requirements Management | Structural Engineering",association,Client,actor,Verify Client Requirement,usecase,,Administration | Client | Engineer,Administration | Client | Engineer,,Approve Heating Design | Approve Structural Design | Finalize Product | Report Issue | Validate Furniture Design | Verify Client Requirement,2026-02-26 18:28:43
3,Design Support System,Support System | Design System,Design Support System,"The Design Support System facilitates the design and finalization of products, primarily furniture, involving clients, engineers, and administration. Clients initiate requirements and finalize products, while engineers focus on structural and heating design approvals. Administration verifies client requirements. The system supports issue reporting that can extend the product finalization process.","Furniture Design | Heating, Ventilation, and Air Conditioning (HVAC) | Product Lifecycle Management | Requirements Management | Structural Engineering",association,Administration,actor,Verify Client Requirement,usecase,,Administration | Client | Engineer,Administration | Client | Engineer,,Approve Heating Design | Approve Structural Design | Finalize Product | Report Issue | Validate Furniture Design | Verify Client Requirement,2026-02-26 18:28:43
3,Design Support System,Support System | Design System,Design Support System,"The Design Support System facilitates the design and finalization of products, primarily furniture, involving clients, engineers, and administration. Clients initiate requirements and finalize products, while engineers focus on structural and heating design approvals. Administration verifies client requirements. The system supports issue reporting that can extend the product finalization process.","Furniture Design | Heating, Ventilation, and Air Conditioning (HVAC) | Product Lifecycle Management | Requirements Management | Structural Engineering",association,Engineer,actor,Approve Structural Design,usecase,,Administration | Client | Engineer,Administration | Client | Engineer,,Approve Heating Design | Approve Structural Design | Finalize Product | Report Issue | Validate Furniture Design | Verify Client Requirement,2026-02-26 18:28:43
3,Design Support System,Support System | Design System,Design Support System,"The Design Support System facilitates the design and finalization of products, primarily furniture, involving clients, engineers, and administration. Clients initiate requirements and finalize products, while engineers focus on structural and heating design approvals. Administration verifies client requirements. The system supports issue reporting that can extend the product finalization process.","Furniture Design | Heating, Ventilation, and Air Conditioning (HVAC) | Product Lifecycle Management | Requirements Management | Structural Engineering",extend,Report Issue,usecase,Finalize Product,usecase,When an Issue is Found,Administration | Client | Engineer,Administration | Client | Engineer,,Approve Heating Design | Approve Structural Design | Finalize Product | Report Issue | Validate Furniture Design | Verify Client Requirement,2026-02-26 18:28:43
3,Design Support System,Support System | Design System,Design Support System,"The Design Support System facilitates the design and finalization of products, primarily furniture, involving clients, engineers, and administration. Clients initiate requirements and finalize products, while engineers focus on structural and heating design approvals. Administration verifies client requirements. The system supports issue reporting that can extend the product finalization process.","Furniture Design | Heating, Ventilation, and Air Conditioning (HVAC) | Product Lifecycle Management | Requirements Management | Structural Engineering",include,Verify Client Requirement,usecase,Finalize Product,usecase,,Administration | Client | Engineer,Administration | Client | Engineer,,Approve Heating Design | Approve Structural Design | Finalize Product | Report Issue | Validate Furniture Design | Verify Client Requirement,2026-02-26 18:28:43
3,Design Support System,Support System | Design System,Design Support System,"The Design Support System facilitates the design and finalization of products, primarily furniture, involving clients, engineers, and administration. Clients initiate requirements and finalize products, while engineers focus on structural and heating design approvals. Administration verifies client requirements. The system supports issue reporting that can extend the product finalization process.","Furniture Design | Heating, Ventilation, and Air Conditioning (HVAC) | Product Lifecycle Management | Requirements Management | Structural Engineering",include,Validate Furniture Design,usecase,Verify Client Requirement,usecase,,Administration | Client | Engineer,Administration | Client | Engineer,,Approve Heating Design | Approve Structural Design | Finalize Product | Report Issue | Validate Furniture Design | Verify Client Requirement,2026-02-26 18:28:43
3,Design Support System,Support System | Design System,Design Support System,"The Design Support System facilitates the design and finalization of products, primarily furniture, involving clients, engineers, and administration. Clients initiate requirements and finalize products, while engineers focus on structural and heating design approvals. Administration verifies client requirements. The system supports issue reporting that can extend the product finalization process.","Furniture Design | Heating, Ventilation, and Air Conditioning (HVAC) | Product Lifecycle Management | Requirements Management | Structural Engineering",include,Approve Structural Design,usecase,Validate Furniture Design,usecase,,Administration | Client | Engineer,Administration | Client | Engineer,,Approve Heating Design | Approve Structural Design | Finalize Product | Report Issue | Validate Furniture Design | Verify Client Requirement,2026-02-26 18:28:43
3,Design Support System,Support System | Design System,Design Support System,"The Design Support System facilitates the design and finalization of products, primarily furniture, involving clients, engineers, and administration. Clients initiate requirements and finalize products, while engineers focus on structural and heating design approvals. Administration verifies client requirements. The system supports issue reporting that can extend the product finalization process.","Furniture Design | Heating, Ventilation, and Air Conditioning (HVAC) | Product Lifecycle Management | Requirements Management | Structural Engineering",include,Approve Structural Design,usecase,Approve Heating Design,usecase,,Administration | Client | Engineer,Administration | Client | Engineer,,Approve Heating Design | Approve Structural Design | Finalize Product | Report Issue | Validate Furniture Design | Verify Client Requirement,2026-02-26 18:28:43
4,Vehicle ,Automobile | Transport,Vehicle ,"The Vehicle system manages core vehicle functions and passenger interactions. The Driver operates the vehicle, while the Vehicle Occupant interacts with accessories and enters/exits the vehicle. The system provides functionalities like driving, braking, controlling entertainment and climate, and managing vehicle access. The system interacts with the Driver to perform driving actions, and with the Vehicle Occupant to control accessories and manage entry/exit.",Automotive Engineering | Passenger Comfort Systems | Vehicle Access Control | Vehicle Control Systems | Vehicle Safety Systems,association,Vehicle Occupant,actor,Control Vehicle Accessory,usecase,,Driver | Vehicle Occupant,Driver | Vehicle Occupant,,Control Climate System | Control Entertainment System | Control Vehicle Accessory | Drive Vehicle | Enter Vehicle | Exit Vehicle | Open Door | Perform Anti Lock Braking,2026-02-26 18:29:05
4,Vehicle ,Automobile | Transport,Vehicle ,"The Vehicle system manages core vehicle functions and passenger interactions. The Driver operates the vehicle, while the Vehicle Occupant interacts with accessories and enters/exits the vehicle. The system provides functionalities like driving, braking, controlling entertainment and climate, and managing vehicle access. The system interacts with the Driver to perform driving actions, and with the Vehicle Occupant to control accessories and manage entry/exit.",Automotive Engineering | Passenger Comfort Systems | Vehicle Access Control | Vehicle Control Systems | Vehicle Safety Systems,association,Vehicle Occupant,actor,Exit Vehicle,usecase,,Driver | Vehicle Occupant,Driver | Vehicle Occupant,,Control Climate System | Control Entertainment System | Control Vehicle Accessory | Drive Vehicle | Enter Vehicle | Exit Vehicle | Open Door | Perform Anti Lock Braking,2026-02-26 18:29:05
4,Vehicle ,Automobile | Transport,Vehicle ,"The Vehicle system manages core vehicle functions and passenger interactions. The Driver operates the vehicle, while the Vehicle Occupant interacts with accessories and enters/exits the vehicle. The system provides functionalities like driving, braking, controlling entertainment and climate, and managing vehicle access. The system interacts with the Driver to perform driving actions, and with the Vehicle Occupant to control accessories and manage entry/exit.",Automotive Engineering | Passenger Comfort Systems | Vehicle Access Control | Vehicle Control Systems | Vehicle Safety Systems,association,Vehicle Occupant,actor,Enter Vehicle,usecase,,Driver | Vehicle Occupant,Driver | Vehicle Occupant,,Control Climate System | Control Entertainment System | Control Vehicle Accessory | Drive Vehicle | Enter Vehicle | Exit Vehicle | Open Door | Perform Anti Lock Braking,2026-02-26 18:29:05
4,Vehicle ,Automobile | Transport,Vehicle ,"The Vehicle system manages core vehicle functions and passenger interactions. The Driver operates the vehicle, while the Vehicle Occupant interacts with accessories and enters/exits the vehicle. The system provides functionalities like driving, braking, controlling entertainment and climate, and managing vehicle access. The system interacts with the Driver to perform driving actions, and with the Vehicle Occupant to control accessories and manage entry/exit.",Automotive Engineering | Passenger Comfort Systems | Vehicle Access Control | Vehicle Control Systems | Vehicle Safety Systems,association,Driver,actor,Drive Vehicle,usecase,,Driver | Vehicle Occupant,Driver | Vehicle Occupant,,Control Climate System | Control Entertainment System | Control Vehicle Accessory | Drive Vehicle | Enter Vehicle | Exit Vehicle | Open Door | Perform Anti Lock Braking,2026-02-26 18:29:05
4,Vehicle ,Automobile | Transport,Vehicle ,"The Vehicle system manages core vehicle functions and passenger interactions. The Driver operates the vehicle, while the Vehicle Occupant interacts with accessories and enters/exits the vehicle. The system provides functionalities like driving, braking, controlling entertainment and climate, and managing vehicle access. The system interacts with the Driver to perform driving actions, and with the Vehicle Occupant to control accessories and manage entry/exit.",Automotive Engineering | Passenger Comfort Systems | Vehicle Access Control | Vehicle Control Systems | Vehicle Safety Systems,extend,Perform Anti Lock Braking,usecase,Drive Vehicle,usecase,When Braking is Required,Driver | Vehicle Occupant,Driver | Vehicle Occupant,,Control Climate System | Control Entertainment System | Control Vehicle Accessory | Drive Vehicle | Enter Vehicle | Exit Vehicle | Open Door | Perform Anti Lock Braking,2026-02-26 18:29:05
4,Vehicle ,Automobile | Transport,Vehicle ,"The Vehicle system manages core vehicle functions and passenger interactions. The Driver operates the vehicle, while the Vehicle Occupant interacts with accessories and enters/exits the vehicle. The system provides functionalities like driving, braking, controlling entertainment and climate, and managing vehicle access. The system interacts with the Driver to perform driving actions, and with the Vehicle Occupant to control accessories and manage entry/exit.",Automotive Engineering | Passenger Comfort Systems | Vehicle Access Control | Vehicle Control Systems | Vehicle Safety Systems,generalization,Control Entertainment System,usecase,Control Vehicle Accessory,usecase,,Driver | Vehicle Occupant,Driver | Vehicle Occupant,,Control Climate System | Control Entertainment System | Control Vehicle Accessory | Drive Vehicle | Enter Vehicle | Exit Vehicle | Open Door | Perform Anti Lock Braking,2026-02-26 18:29:05
4,Vehicle ,Automobile | Transport,Vehicle ,"The Vehicle system manages core vehicle functions and passenger interactions. The Driver operates the vehicle, while the Vehicle Occupant interacts with accessories and enters/exits the vehicle. The system provides functionalities like driving, braking, controlling entertainment and climate, and managing vehicle access. The system interacts with the Driver to perform driving actions, and with the Vehicle Occupant to control accessories and manage entry/exit.",Automotive Engineering | Passenger Comfort Systems | Vehicle Access Control | Vehicle Control Systems | Vehicle Safety Systems,generalization,Control Climate System,usecase,Control Vehicle Accessory,usecase,,Driver | Vehicle Occupant,Driver | Vehicle Occupant,,Control Climate System | Control Entertainment System | Control Vehicle Accessory | Drive Vehicle | Enter Vehicle | Exit Vehicle | Open Door | Perform Anti Lock Braking,2026-02-26 18:29:05
4,Vehicle ,Automobile | Transport,Vehicle ,"The Vehicle system manages core vehicle functions and passenger interactions. The Driver operates the vehicle, while the Vehicle Occupant interacts with accessories and enters/exits the vehicle. The system provides functionalities like driving, braking, controlling entertainment and climate, and managing vehicle access. The system interacts with the Driver to perform driving actions, and with the Vehicle Occupant to control accessories and manage entry/exit.",Automotive Engineering | Passenger Comfort Systems | Vehicle Access Control | Vehicle Control Systems | Vehicle Safety Systems,include,Exit Vehicle,usecase,Open Door,usecase,,Driver | Vehicle Occupant,Driver | Vehicle Occupant,,Control Climate System | Control Entertainment System | Control Vehicle Accessory | Drive Vehicle | Enter Vehicle | Exit Vehicle | Open Door | Perform Anti Lock Braking,2026-02-26 18:29:05
4,Vehicle ,Automobile | Transport,Vehicle ,"The Vehicle system manages core vehicle functions and passenger interactions. The Driver operates the vehicle, while the Vehicle Occupant interacts with accessories and enters/exits the vehicle. The system provides functionalities like driving, braking, controlling entertainment and climate, and managing vehicle access. The system interacts with the Driver to perform driving actions, and with the Vehicle Occupant to control accessories and manage entry/exit.",Automotive Engineering | Passenger Comfort Systems | Vehicle Access Control | Vehicle Control Systems | Vehicle Safety Systems,include,Enter Vehicle,usecase,Open Door,usecase,,Driver | Vehicle Occupant,Driver | Vehicle Occupant,,Control Climate System | Control Entertainment System | Control Vehicle Accessory | Drive Vehicle | Enter Vehicle | Exit Vehicle | Open Door | Perform Anti Lock Braking,2026-02-26 18:29:05
5,Airport,Air Terminal | Flight Center,Airport,"The Airport system manages passenger check-in, baggage handling, and boarding processes. Airport Staff interact with the system to issue boarding passes and validate check-ins. Passengers interact with the system to validate their check-in (individually or in groups) and drop off baggage. The system includes processes for assigning gates and handling baggage, which are incorporated into other use cases.",Airline Operations | Airport Security | Baggage Handling | Gate Management | Passenger Check-in,association,Airport Staff,actor,Issue Boarding Pass,usecase,,Airport Staff | Passenger,Airport Staff | Passenger,,Assign Gate | Drop Baggage | Enter Security Screening | Handle Baggage | Issue Boarding Pass | Validate Counter Checkin | Validate Group Checkin | Validate Individual Checkin,2026-02-26 18:29:25
5,Airport,Air Terminal | Flight Center,Airport,"The Airport system manages passenger check-in, baggage handling, and boarding processes. Airport Staff interact with the system to issue boarding passes and validate check-ins. Passengers interact with the system to validate their check-in (individually or in groups) and drop off baggage. The system includes processes for assigning gates and handling baggage, which are incorporated into other use cases.",Airline Operations | Airport Security | Baggage Handling | Gate Management | Passenger Check-in,association,Airport Staff,actor,Validate Counter Checkin,usecase,,Airport Staff | Passenger,Airport Staff | Passenger,,Assign Gate | Drop Baggage | Enter Security Screening | Handle Baggage | Issue Boarding Pass | Validate Counter Checkin | Validate Group Checkin | Validate Individual Checkin,2026-02-26 18:29:25
5,Airport,Air Terminal | Flight Center,Airport,"The Airport system manages passenger check-in, baggage handling, and boarding processes. Airport Staff interact with the system to issue boarding passes and validate check-ins. Passengers interact with the system to validate their check-in (individually or in groups) and drop off baggage. The system includes processes for assigning gates and handling baggage, which are incorporated into other use cases.",Airline Operations | Airport Security | Baggage Handling | Gate Management | Passenger Check-in,association,Passenger,actor,Validate Individual Checkin,usecase,,Airport Staff | Passenger,Airport Staff | Passenger,,Assign Gate | Drop Baggage | Enter Security Screening | Handle Baggage | Issue Boarding Pass | Validate Counter Checkin | Validate Group Checkin | Validate Individual Checkin,2026-02-26 18:29:25
5,Airport,Air Terminal | Flight Center,Airport,"The Airport system manages passenger check-in, baggage handling, and boarding processes. Airport Staff interact with the system to issue boarding passes and validate check-ins. Passengers interact with the system to validate their check-in (individually or in groups) and drop off baggage. The system includes processes for assigning gates and handling baggage, which are incorporated into other use cases.",Airline Operations | Airport Security | Baggage Handling | Gate Management | Passenger Check-in,association,Passenger,actor,Validate Group Checkin,usecase,,Airport Staff | Passenger,Airport Staff | Passenger,,Assign Gate | Drop Baggage | Enter Security Screening | Handle Baggage | Issue Boarding Pass | Validate Counter Checkin | Validate Group Checkin | Validate Individual Checkin,2026-02-26 18:29:25
5,Airport,Air Terminal | Flight Center,Airport,"The Airport system manages passenger check-in, baggage handling, and boarding processes. Airport Staff interact with the system to issue boarding passes and validate check-ins. Passengers interact with the system to validate their check-in (individually or in groups) and drop off baggage. The system includes processes for assigning gates and handling baggage, which are incorporated into other use cases.",Airline Operations | Airport Security | Baggage Handling | Gate Management | Passenger Check-in,include,Issue Boarding Pass,usecase,Handle Baggage,usecase,,Airport Staff | Passenger,Airport Staff | Passenger,,Assign Gate | Drop Baggage | Enter Security Screening | Handle Baggage | Issue Boarding Pass | Validate Counter Checkin | Validate Group Checkin | Validate Individual Checkin,2026-02-26 18:29:25
5,Airport,Air Terminal | Flight Center,Airport,"The Airport system manages passenger check-in, baggage handling, and boarding processes. Airport Staff interact with the system to issue boarding passes and validate check-ins. Passengers interact with the system to validate their check-in (individually or in groups) and drop off baggage. The system includes processes for assigning gates and handling baggage, which are incorporated into other use cases.",Airline Operations | Airport Security | Baggage Handling | Gate Management | Passenger Check-in,include,Handle Baggage,usecase,Assign Gate,usecase,,Airport Staff | Passenger,Airport Staff | Passenger,,Assign Gate | Drop Baggage | Enter Security Screening | Handle Baggage | Issue Boarding Pass | Validate Counter Checkin | Validate Group Checkin | Validate Individual Checkin,2026-02-26 18:29:25
5,Airport,Air Terminal | Flight Center,Airport,"The Airport system manages passenger check-in, baggage handling, and boarding processes. Airport Staff interact with the system to issue boarding passes and validate check-ins. Passengers interact with the system to validate their check-in (individually or in groups) and drop off baggage. The system includes processes for assigning gates and handling baggage, which are incorporated into other use cases.",Airline Operations | Airport Security | Baggage Handling | Gate Management | Passenger Check-in,include,Drop Baggage,usecase,Enter Security Screening,usecase,,Airport Staff | Passenger,Airport Staff | Passenger,,Assign Gate | Drop Baggage | Enter Security Screening | Handle Baggage | Issue Boarding Pass | Validate Counter Checkin | Validate Group Checkin | Validate Individual Checkin,2026-02-26 18:29:25
5,Airport,Air Terminal | Flight Center,Airport,"The Airport system manages passenger check-in, baggage handling, and boarding processes. Airport Staff interact with the system to issue boarding passes and validate check-ins. Passengers interact with the system to validate their check-in (individually or in groups) and drop off baggage. The system includes processes for assigning gates and handling baggage, which are incorporated into other use cases.",Airline Operations | Airport Security | Baggage Handling | Gate Management | Passenger Check-in,include,Validate Individual Checkin,usecase,Drop Baggage,usecase,,Airport Staff | Passenger,Airport Staff | Passenger,,Assign Gate | Drop Baggage | Enter Security Screening | Handle Baggage | Issue Boarding Pass | Validate Counter Checkin | Validate Group Checkin | Validate Individual Checkin,2026-02-26 18:29:25
6,Sentinel EMS,EMS System | Sentinel EMS | Sentinel,Sentinel EMS,"The Sentinel EMS system manages product definition, customer management, and environment configuration. Privilege Managers and Customer Service representatives manage customer data. Developers generate product keys, trial products, branded resources, and runtime installers. Product Managers define product features. The system includes functionality for defining both trial and full products, with trial products incorporating runtime installer generation. Environment management is included in branded resource generation and product key generation.",Customer Relationship Management | Entitlement Management | Environment Configuration | Product Lifecycle Management | Software Distribution,association,Developer,actor,Generate Trial Product,usecase,,Customer Service | Developer | Privilege Manager | Product Manager,Customer Service | Developer | Privilege Manager | Product Manager,,Define Feature | Define Full Product | Define Product | Define Trial Product | Generate Branded Rus | Generate Product Key | Generate Runtime Installer | Generate Trial Product | Manage Customer | Manage Environment,2026-02-26 18:29:47
6,Sentinel EMS,EMS System | Sentinel EMS | Sentinel,Sentinel EMS,"The Sentinel EMS system manages product definition, customer management, and environment configuration. Privilege Managers and Customer Service representatives manage customer data. Developers generate product keys, trial products, branded resources, and runtime installers. Product Managers define product features. The system includes functionality for defining both trial and full products, with trial products incorporating runtime installer generation. Environment management is included in branded resource generation and product key generation.",Customer Relationship Management | Entitlement Management | Environment Configuration | Product Lifecycle Management | Software Distribution,association,Product Manager,actor,Define Feature,usecase,,Customer Service | Developer | Privilege Manager | Product Manager,Customer Service | Developer | Privilege Manager | Product Manager,,Define Feature | Define Full Product | Define Product | Define Trial Product | Generate Branded Rus | Generate Product Key | Generate Runtime Installer | Generate Trial Product | Manage Customer | Manage Environment,2026-02-26 18:29:47
6,Sentinel EMS,EMS System | Sentinel EMS | Sentinel,Sentinel EMS,"The Sentinel EMS system manages product definition, customer management, and environment configuration. Privilege Managers and Customer Service representatives manage customer data. Developers generate product keys, trial products, branded resources, and runtime installers. Product Managers define product features. The system includes functionality for defining both trial and full products, with trial products incorporating runtime installer generation. Environment management is included in branded resource generation and product key generation.",Customer Relationship Management | Entitlement Management | Environment Configuration | Product Lifecycle Management | Software Distribution,association,Developer,actor,Generate Branded Rus,usecase,,Customer Service | Developer | Privilege Manager | Product Manager,Customer Service | Developer | Privilege Manager | Product Manager,,Define Feature | Define Full Product | Define Product | Define Trial Product | Generate Branded Rus | Generate Product Key | Generate Runtime Installer | Generate Trial Product | Manage Customer | Manage Environment,2026-02-26 18:29:47
6,Sentinel EMS,EMS System | Sentinel EMS | Sentinel,Sentinel EMS,"The Sentinel EMS system manages product definition, customer management, and environment configuration. Privilege Managers and Customer Service representatives manage customer data. Developers generate product keys, trial products, branded resources, and runtime installers. Product Managers define product features. The system includes functionality for defining both trial and full products, with trial products incorporating runtime installer generation. Environment management is included in branded resource generation and product key generation.",Customer Relationship Management | Entitlement Management | Environment Configuration | Product Lifecycle Management | Software Distribution,association,Customer Service,actor,Manage Customer,usecase,,Customer Service | Developer | Privilege Manager | Product Manager,Customer Service | Developer | Privilege Manager | Product Manager,,Define Feature | Define Full Product | Define Product | Define Trial Product | Generate Branded Rus | Generate Product Key | Generate Runtime Installer | Generate Trial Product | Manage Customer | Manage Environment,2026-02-26 18:29:47
6,Sentinel EMS,EMS System | Sentinel EMS | Sentinel,Sentinel EMS,"The Sentinel EMS system manages product definition, customer management, and environment configuration. Privilege Managers and Customer Service representatives manage customer data. Developers generate product keys, trial products, branded resources, and runtime installers. Product Managers define product features. The system includes functionality for defining both trial and full products, with trial products incorporating runtime installer generation. Environment management is included in branded resource generation and product key generation.",Customer Relationship Management | Entitlement Management | Environment Configuration | Product Lifecycle Management | Software Distribution,association,Privilege Manager,actor,Manage Customer,usecase,,Customer Service | Developer | Privilege Manager | Product Manager,Customer Service | Developer | Privilege Manager | Product Manager,,Define Feature | Define Full Product | Define Product | Define Trial Product | Generate Branded Rus | Generate Product Key | Generate Runtime Installer | Generate Trial Product | Manage Customer | Manage Environment,2026-02-26 18:29:47
6,Sentinel EMS,EMS System | Sentinel EMS | Sentinel,Sentinel EMS,"The Sentinel EMS system manages product definition, customer management, and environment configuration. Privilege Managers and Customer Service representatives manage customer data. Developers generate product keys, trial products, branded resources, and runtime installers. Product Managers define product features. The system includes functionality for defining both trial and full products, with trial products incorporating runtime installer generation. Environment management is included in branded resource generation and product key generation.",Customer Relationship Management | Entitlement Management | Environment Configuration | Product Lifecycle Management | Software Distribution,association,Privilege Manager,actor,Manage Environment,usecase,,Customer Service | Developer | Privilege Manager | Product Manager,Customer Service | Developer | Privilege Manager | Product Manager,,Define Feature | Define Full Product | Define Product | Define Trial Product | Generate Branded Rus | Generate Product Key | Generate Runtime Installer | Generate Trial Product | Manage Customer | Manage Environment,2026-02-26 18:29:47
6,Sentinel EMS,EMS System | Sentinel EMS | Sentinel,Sentinel EMS,"The Sentinel EMS system manages product definition, customer management, and environment configuration. Privilege Managers and Customer Service representatives manage customer data. Developers generate product keys, trial products, branded resources, and runtime installers. Product Managers define product features. The system includes functionality for defining both trial and full products, with trial products incorporating runtime installer generation. Environment management is included in branded resource generation and product key generation.",Customer Relationship Management | Entitlement Management | Environment Configuration | Product Lifecycle Management | Software Distribution,extend,Generate Product Key,usecase,Manage Environment,usecase,When Key is Required,Customer Service | Developer | Privilege Manager | Product Manager,Customer Service | Developer | Privilege Manager | Product Manager,,Define Feature | Define Full Product | Define Product | Define Trial Product | Generate Branded Rus | Generate Product Key | Generate Runtime Installer | Generate Trial Product | Manage Customer | Manage Environment,2026-02-26 18:29:47
6,Sentinel EMS,EMS System | Sentinel EMS | Sentinel,Sentinel EMS,"The Sentinel EMS system manages product definition, customer management, and environment configuration. Privilege Managers and Customer Service representatives manage customer data. Developers generate product keys, trial products, branded resources, and runtime installers. Product Managers define product features. The system includes functionality for defining both trial and full products, with trial products incorporating runtime installer generation. Environment management is included in branded resource generation and product key generation.",Customer Relationship Management | Entitlement Management | Environment Configuration | Product Lifecycle Management | Software Distribution,generalization,Define Full Product,usecase,Define Product,usecase,,Customer Service | Developer | Privilege Manager | Product Manager,Customer Service | Developer | Privilege Manager | Product Manager,,Define Feature | Define Full Product | Define Product | Define Trial Product | Generate Branded Rus | Generate Product Key | Generate Runtime Installer | Generate Trial Product | Manage Customer | Manage Environment,2026-02-26 18:29:47
6,Sentinel EMS,EMS System | Sentinel EMS | Sentinel,Sentinel EMS,"The Sentinel EMS system manages product definition, customer management, and environment configuration. Privilege Managers and Customer Service representatives manage customer data. Developers generate product keys, trial products, branded resources, and runtime installers. Product Managers define product features. The system includes functionality for defining both trial and full products, with trial products incorporating runtime installer generation. Environment management is included in branded resource generation and product key generation.",Customer Relationship Management | Entitlement Management | Environment Configuration | Product Lifecycle Management | Software Distribution,generalization,Define Trial Product,usecase,Define Product,usecase,,Customer Service | Developer | Privilege Manager | Product Manager,Customer Service | Developer | Privilege Manager | Product Manager,,Define Feature | Define Full Product | Define Product | Define Trial Product | Generate Branded Rus | Generate Product Key | Generate Runtime Installer | Generate Trial Product | Manage Customer | Manage Environment,2026-02-26 18:29:47
6,Sentinel EMS,EMS System | Sentinel EMS | Sentinel,Sentinel EMS,"The Sentinel EMS system manages product definition, customer management, and environment configuration. Privilege Managers and Customer Service representatives manage customer data. Developers generate product keys, trial products, branded resources, and runtime installers. Product Managers define product features. The system includes functionality for defining both trial and full products, with trial products incorporating runtime installer generation. Environment management is included in branded resource generation and product key generation.",Customer Relationship Management | Entitlement Management | Environment Configuration | Product Lifecycle Management | Software Distribution,include,Manage Environment,usecase,Manage Customer,usecase,,Customer Service | Developer | Privilege Manager | Product Manager,Customer Service | Developer | Privilege Manager | Product Manager,,Define Feature | Define Full Product | Define Product | Define Trial Product | Generate Branded Rus | Generate Product Key | Generate Runtime Installer | Generate Trial Product | Manage Customer | Manage Environment,2026-02-26 18:29:47
6,Sentinel EMS,EMS System | Sentinel EMS | Sentinel,Sentinel EMS,"The Sentinel EMS system manages product definition, customer management, and environment configuration. Privilege Managers and Customer Service representatives manage customer data. Developers generate product keys, trial products, branded resources, and runtime installers. Product Managers define product features. The system includes functionality for defining both trial and full products, with trial products incorporating runtime installer generation. Environment management is included in branded resource generation and product key generation.",Customer Relationship Management | Entitlement Management | Environment Configuration | Product Lifecycle Management | Software Distribution,include,Define Feature,usecase,Define Product,usecase,,Customer Service | Developer | Privilege Manager | Product Manager,Customer Service | Developer | Privilege Manager | Product Manager,,Define Feature | Define Full Product | Define Product | Define Trial Product | Generate Branded Rus | Generate Product Key | Generate Runtime Installer | Generate Trial Product | Manage Customer | Manage Environment,2026-02-26 18:29:47
6,Sentinel EMS,EMS System | Sentinel EMS | Sentinel,Sentinel EMS,"The Sentinel EMS system manages product definition, customer management, and environment configuration. Privilege Managers and Customer Service representatives manage customer data. Developers generate product keys, trial products, branded resources, and runtime installers. Product Managers define product features. The system includes functionality for defining both trial and full products, with trial products incorporating runtime installer generation. Environment management is included in branded resource generation and product key generation.",Customer Relationship Management | Entitlement Management | Environment Configuration | Product Lifecycle Management | Software Distribution,include,Generate Trial Product,usecase,Generate Runtime Installer,usecase,,Customer Service | Developer | Privilege Manager | Product Manager,Customer Service | Developer | Privilege Manager | Product Manager,,Define Feature | Define Full Product | Define Product | Define Trial Product | Generate Branded Rus | Generate Product Key | Generate Runtime Installer | Generate Trial Product | Manage Customer | Manage Environment,2026-02-26 18:29:47
6,Sentinel EMS,EMS System | Sentinel EMS | Sentinel,Sentinel EMS,"The Sentinel EMS system manages product definition, customer management, and environment configuration. Privilege Managers and Customer Service representatives manage customer data. Developers generate product keys, trial products, branded resources, and runtime installers. Product Managers define product features. The system includes functionality for defining both trial and full products, with trial products incorporating runtime installer generation. Environment management is included in branded resource generation and product key generation.",Customer Relationship Management | Entitlement Management | Environment Configuration | Product Lifecycle Management | Software Distribution,include,Generate Branded Rus,usecase,Manage Environment,usecase,,Customer Service | Developer | Privilege Manager | Product Manager,Customer Service | Developer | Privilege Manager | Product Manager,,Define Feature | Define Full Product | Define Product | Define Trial Product | Generate Branded Rus | Generate Product Key | Generate Runtime Installer | Generate Trial Product | Manage Customer | Manage Environment,2026-02-26 18:29:47
7,Cab Booking Application,Booking System | Cab Application | Ride App,Cab Booking Application,"The Cab Booking Application facilitates users in booking cabs. Users interact with the system to choose locations, book cabs, view available cabs, confirm bookings, access their accounts, and delete bookings. The Backend actor supports the system by confirming bookings and providing available cab information.",Mobile Applications | Payment Processing | Ride-Hailing Services | Transportation Logistics | User Account Management,association,Backend,actor,Confirm Booking,usecase,,Backend | User,User,Backend,Access Account | Book Cab | Choose Location | Confirm Booking | Delete Booking | Show Available Cabs | Show Driver Information | Show Payment Method,2026-02-26 18:30:12
7,Cab Booking Application,Booking System | Cab Application | Ride App,Cab Booking Application,"The Cab Booking Application facilitates users in booking cabs. Users interact with the system to choose locations, book cabs, view available cabs, confirm bookings, access their accounts, and delete bookings. The Backend actor supports the system by confirming bookings and providing available cab information.",Mobile Applications | Payment Processing | Ride-Hailing Services | Transportation Logistics | User Account Management,association,Backend,actor,Show Available Cabs,usecase,,Backend | User,User,Backend,Access Account | Book Cab | Choose Location | Confirm Booking | Delete Booking | Show Available Cabs | Show Driver Information | Show Payment Method,2026-02-26 18:30:12
7,Cab Booking Application,Booking System | Cab Application | Ride App,Cab Booking Application,"The Cab Booking Application facilitates users in booking cabs. Users interact with the system to choose locations, book cabs, view available cabs, confirm bookings, access their accounts, and delete bookings. The Backend actor supports the system by confirming bookings and providing available cab information.",Mobile Applications | Payment Processing | Ride-Hailing Services | Transportation Logistics | User Account Management,association,User,actor,Confirm Booking,usecase,,Backend | User,User,Backend,Access Account | Book Cab | Choose Location | Confirm Booking | Delete Booking | Show Available Cabs | Show Driver Information | Show Payment Method,2026-02-26 18:30:12
7,Cab Booking Application,Booking System | Cab Application | Ride App,Cab Booking Application,"The Cab Booking Application facilitates users in booking cabs. Users interact with the system to choose locations, book cabs, view available cabs, confirm bookings, access their accounts, and delete bookings. The Backend actor supports the system by confirming bookings and providing available cab information.",Mobile Applications | Payment Processing | Ride-Hailing Services | Transportation Logistics | User Account Management,association,User,actor,Access Account,usecase,,Backend | User,User,Backend,Access Account | Book Cab | Choose Location | Confirm Booking | Delete Booking | Show Available Cabs | Show Driver Information | Show Payment Method,2026-02-26 18:30:12
7,Cab Booking Application,Booking System | Cab Application | Ride App,Cab Booking Application,"The Cab Booking Application facilitates users in booking cabs. Users interact with the system to choose locations, book cabs, view available cabs, confirm bookings, access their accounts, and delete bookings. The Backend actor supports the system by confirming bookings and providing available cab information.",Mobile Applications | Payment Processing | Ride-Hailing Services | Transportation Logistics | User Account Management,extend,Delete Booking,usecase,Confirm Booking,usecase,When Booking Needs to be Deleted,Backend | User,User,Backend,Access Account | Book Cab | Choose Location | Confirm Booking | Delete Booking | Show Available Cabs | Show Driver Information | Show Payment Method,2026-02-26 18:30:12
7,Cab Booking Application,Booking System | Cab Application | Ride App,Cab Booking Application,"The Cab Booking Application facilitates users in booking cabs. Users interact with the system to choose locations, book cabs, view available cabs, confirm bookings, access their accounts, and delete bookings. The Backend actor supports the system by confirming bookings and providing available cab information.",Mobile Applications | Payment Processing | Ride-Hailing Services | Transportation Logistics | User Account Management,include,Confirm Booking,usecase,Show Driver Information,usecase,,Backend | User,User,Backend,Access Account | Book Cab | Choose Location | Confirm Booking | Delete Booking | Show Available Cabs | Show Driver Information | Show Payment Method,2026-02-26 18:30:12
7,Cab Booking Application,Booking System | Cab Application | Ride App,Cab Booking Application,"The Cab Booking Application facilitates users in booking cabs. Users interact with the system to choose locations, book cabs, view available cabs, confirm bookings, access their accounts, and delete bookings. The Backend actor supports the system by confirming bookings and providing available cab information.",Mobile Applications | Payment Processing | Ride-Hailing Services | Transportation Logistics | User Account Management,include,Show Payment Method,usecase,Confirm Booking,usecase,,Backend | User,User,Backend,Access Account | Book Cab | Choose Location | Confirm Booking | Delete Booking | Show Available Cabs | Show Driver Information | Show Payment Method,2026-02-26 18:30:12
7,Cab Booking Application,Booking System | Cab Application | Ride App,Cab Booking Application,"The Cab Booking Application facilitates users in booking cabs. Users interact with the system to choose locations, book cabs, view available cabs, confirm bookings, access their accounts, and delete bookings. The Backend actor supports the system by confirming bookings and providing available cab information.",Mobile Applications | Payment Processing | Ride-Hailing Services | Transportation Logistics | User Account Management,include,Book Cab,usecase,Show Payment Method,usecase,,Backend | User,User,Backend,Access Account | Book Cab | Choose Location | Confirm Booking | Delete Booking | Show Available Cabs | Show Driver Information | Show Payment Method,2026-02-26 18:30:12
7,Cab Booking Application,Booking System | Cab Application | Ride App,Cab Booking Application,"The Cab Booking Application facilitates users in booking cabs. Users interact with the system to choose locations, book cabs, view available cabs, confirm bookings, access their accounts, and delete bookings. The Backend actor supports the system by confirming bookings and providing available cab information.",Mobile Applications | Payment Processing | Ride-Hailing Services | Transportation Logistics | User Account Management,include,Show Available Cabs,usecase,Book Cab,usecase,,Backend | User,User,Backend,Access Account | Book Cab | Choose Location | Confirm Booking | Delete Booking | Show Available Cabs | Show Driver Information | Show Payment Method,2026-02-26 18:30:12
7,Cab Booking Application,Booking System | Cab Application | Ride App,Cab Booking Application,"The Cab Booking Application facilitates users in booking cabs. Users interact with the system to choose locations, book cabs, view available cabs, confirm bookings, access their accounts, and delete bookings. The Backend actor supports the system by confirming bookings and providing available cab information.",Mobile Applications | Payment Processing | Ride-Hailing Services | Transportation Logistics | User Account Management,include,Choose Location,usecase,Show Available Cabs,usecase,,Backend | User,User,Backend,Access Account | Book Cab | Choose Location | Confirm Booking | Delete Booking | Show Available Cabs | Show Driver Information | Show Payment Method,2026-02-26 18:30:12
7,Cab Booking Application,Booking System | Cab Application | Ride App,Cab Booking Application,"The Cab Booking Application facilitates users in booking cabs. Users interact with the system to choose locations, book cabs, view available cabs, confirm bookings, access their accounts, and delete bookings. The Backend actor supports the system by confirming bookings and providing available cab information.",Mobile Applications | Payment Processing | Ride-Hailing Services | Transportation Logistics | User Account Management,include,Access Account,usecase,Choose Location,usecase,,Backend | User,User,Backend,Access Account | Book Cab | Choose Location | Confirm Booking | Delete Booking | Show Available Cabs | Show Driver Information | Show Payment Method,2026-02-26 18:30:12
8,Appointment Booking ,Booking System | Appointment System,Appointment Booking ,"The Appointment Booking system facilitates the scheduling of appointments between a User and a Service Provider. Users can initiate calls, while Service Providers manage technical issues and appointment slots. The Payment Gateway handles payment-related functionalities. Scheduling an appointment automatically triggers a confirmation. Showing a payment method necessitates receiving payment. Displaying available slots can be extended to show alternative options when no slots are available.",Appointment Scheduling | Communication | Customer Support | Payment Processing | Service Management,association,User,actor,Make Call,usecase,,Payment Gateway | Service Provider | User,Service Provider | User,Payment Gateway,Display Available Slot | Make Call | Receive Payment | Resolve Technical Issue | Schedule Appointment | Send Confirmation | Show Alternative Option | Show Payment Method,2026-02-26 18:30:34
8,Appointment Booking ,Booking System | Appointment System,Appointment Booking ,"The Appointment Booking system facilitates the scheduling of appointments between a User and a Service Provider. Users can initiate calls, while Service Providers manage technical issues and appointment slots. The Payment Gateway handles payment-related functionalities. Scheduling an appointment automatically triggers a confirmation. Showing a payment method necessitates receiving payment. Displaying available slots can be extended to show alternative options when no slots are available.",Appointment Scheduling | Communication | Customer Support | Payment Processing | Service Management,association,Service Provider,actor,Resolve Technical Issue,usecase,,Payment Gateway | Service Provider | User,Service Provider | User,Payment Gateway,Display Available Slot | Make Call | Receive Payment | Resolve Technical Issue | Schedule Appointment | Send Confirmation | Show Alternative Option | Show Payment Method,2026-02-26 18:30:34
8,Appointment Booking ,Booking System | Appointment System,Appointment Booking ,"The Appointment Booking system facilitates the scheduling of appointments between a User and a Service Provider. Users can initiate calls, while Service Providers manage technical issues and appointment slots. The Payment Gateway handles payment-related functionalities. Scheduling an appointment automatically triggers a confirmation. Showing a payment method necessitates receiving payment. Displaying available slots can be extended to show alternative options when no slots are available.",Appointment Scheduling | Communication | Customer Support | Payment Processing | Service Management,association,Service Provider,actor,Display Available Slot,usecase,,Payment Gateway | Service Provider | User,Service Provider | User,Payment Gateway,Display Available Slot | Make Call | Receive Payment | Resolve Technical Issue | Schedule Appointment | Send Confirmation | Show Alternative Option | Show Payment Method,2026-02-26 18:30:34
8,Appointment Booking ,Booking System | Appointment System,Appointment Booking ,"The Appointment Booking system facilitates the scheduling of appointments between a User and a Service Provider. Users can initiate calls, while Service Providers manage technical issues and appointment slots. The Payment Gateway handles payment-related functionalities. Scheduling an appointment automatically triggers a confirmation. Showing a payment method necessitates receiving payment. Displaying available slots can be extended to show alternative options when no slots are available.",Appointment Scheduling | Communication | Customer Support | Payment Processing | Service Management,association,Service Provider,actor,Schedule Appointment,usecase,,Payment Gateway | Service Provider | User,Service Provider | User,Payment Gateway,Display Available Slot | Make Call | Receive Payment | Resolve Technical Issue | Schedule Appointment | Send Confirmation | Show Alternative Option | Show Payment Method,2026-02-26 18:30:34
8,Appointment Booking ,Booking System | Appointment System,Appointment Booking ,"The Appointment Booking system facilitates the scheduling of appointments between a User and a Service Provider. Users can initiate calls, while Service Providers manage technical issues and appointment slots. The Payment Gateway handles payment-related functionalities. Scheduling an appointment automatically triggers a confirmation. Showing a payment method necessitates receiving payment. Displaying available slots can be extended to show alternative options when no slots are available.",Appointment Scheduling | Communication | Customer Support | Payment Processing | Service Management,association,Payment Gateway,actor,Show Payment Method,usecase,,Payment Gateway | Service Provider | User,Service Provider | User,Payment Gateway,Display Available Slot | Make Call | Receive Payment | Resolve Technical Issue | Schedule Appointment | Send Confirmation | Show Alternative Option | Show Payment Method,2026-02-26 18:30:34
8,Appointment Booking ,Booking System | Appointment System,Appointment Booking ,"The Appointment Booking system facilitates the scheduling of appointments between a User and a Service Provider. Users can initiate calls, while Service Providers manage technical issues and appointment slots. The Payment Gateway handles payment-related functionalities. Scheduling an appointment automatically triggers a confirmation. Showing a payment method necessitates receiving payment. Displaying available slots can be extended to show alternative options when no slots are available.",Appointment Scheduling | Communication | Customer Support | Payment Processing | Service Management,extend,Show Alternative Option,usecase,Display Available Slot,usecase,When Slot Not Available,Payment Gateway | Service Provider | User,Service Provider | User,Payment Gateway,Display Available Slot | Make Call | Receive Payment | Resolve Technical Issue | Schedule Appointment | Send Confirmation | Show Alternative Option | Show Payment Method,2026-02-26 18:30:34
8,Appointment Booking ,Booking System | Appointment System,Appointment Booking ,"The Appointment Booking system facilitates the scheduling of appointments between a User and a Service Provider. Users can initiate calls, while Service Providers manage technical issues and appointment slots. The Payment Gateway handles payment-related functionalities. Scheduling an appointment automatically triggers a confirmation. Showing a payment method necessitates receiving payment. Displaying available slots can be extended to show alternative options when no slots are available.",Appointment Scheduling | Communication | Customer Support | Payment Processing | Service Management,include,Make Call,usecase,Display Available Slot,usecase,,Payment Gateway | Service Provider | User,Service Provider | User,Payment Gateway,Display Available Slot | Make Call | Receive Payment | Resolve Technical Issue | Schedule Appointment | Send Confirmation | Show Alternative Option | Show Payment Method,2026-02-26 18:30:34
8,Appointment Booking ,Booking System | Appointment System,Appointment Booking ,"The Appointment Booking system facilitates the scheduling of appointments between a User and a Service Provider. Users can initiate calls, while Service Providers manage technical issues and appointment slots. The Payment Gateway handles payment-related functionalities. Scheduling an appointment automatically triggers a confirmation. Showing a payment method necessitates receiving payment. Displaying available slots can be extended to show alternative options when no slots are available.",Appointment Scheduling | Communication | Customer Support | Payment Processing | Service Management,include,Schedule Appointment,usecase,Send Confirmation,usecase,,Payment Gateway | Service Provider | User,Service Provider | User,Payment Gateway,Display Available Slot | Make Call | Receive Payment | Resolve Technical Issue | Schedule Appointment | Send Confirmation | Show Alternative Option | Show Payment Method,2026-02-26 18:30:34
8,Appointment Booking ,Booking System | Appointment System,Appointment Booking ,"The Appointment Booking system facilitates the scheduling of appointments between a User and a Service Provider. Users can initiate calls, while Service Providers manage technical issues and appointment slots. The Payment Gateway handles payment-related functionalities. Scheduling an appointment automatically triggers a confirmation. Showing a payment method necessitates receiving payment. Displaying available slots can be extended to show alternative options when no slots are available.",Appointment Scheduling | Communication | Customer Support | Payment Processing | Service Management,include,Show Payment Method,usecase,Receive Payment,usecase,,Payment Gateway | Service Provider | User,Service Provider | User,Payment Gateway,Display Available Slot | Make Call | Receive Payment | Resolve Technical Issue | Schedule Appointment | Send Confirmation | Show Alternative Option | Show Payment Method,2026-02-26 18:30:34
9,Satellite System,Space System | Satellite,Satellite System,"The Satellite System manages the operation of a satellite, enabling payload status retrieval, command transmission (both real-time and stored), infrared sensor pointing, and orbital maneuvers. The system interacts with Payload Operators for status and sensor control, Flight Controllers for orbital adjustments, and Environmental Test Engineers for power generation testing. The Solar Simulation Chamber is used to test electricity generation.",Infrared Sensor Operation | Orbital Mechanics | Payload Management | Power Systems Testing | Satellite Command and Control,association,Generate Electricity,usecase,Solar Simulation Chamber,actor,,Environmental Test Engineer | Flight Controller | Payload Operator | Solar Simulation Chamber,Environmental Test Engineer | Flight Controller | Payload Operator,Solar Simulation Chamber,Execute Hohmann Transfer | Generate Electricity | Get Payload Status | Point Infrared Sensor | Send Command | Send Real Time Command | Send Stored Command,2026-02-26 18:30:58
9,Satellite System,Space System | Satellite,Satellite System,"The Satellite System manages the operation of a satellite, enabling payload status retrieval, command transmission (both real-time and stored), infrared sensor pointing, and orbital maneuvers. The system interacts with Payload Operators for status and sensor control, Flight Controllers for orbital adjustments, and Environmental Test Engineers for power generation testing. The Solar Simulation Chamber is used to test electricity generation.",Infrared Sensor Operation | Orbital Mechanics | Payload Management | Power Systems Testing | Satellite Command and Control,association,Environmental Test Engineer,actor,Generate Electricity,usecase,,Environmental Test Engineer | Flight Controller | Payload Operator | Solar Simulation Chamber,Environmental Test Engineer | Flight Controller | Payload Operator,Solar Simulation Chamber,Execute Hohmann Transfer | Generate Electricity | Get Payload Status | Point Infrared Sensor | Send Command | Send Real Time Command | Send Stored Command,2026-02-26 18:30:58
9,Satellite System,Space System | Satellite,Satellite System,"The Satellite System manages the operation of a satellite, enabling payload status retrieval, command transmission (both real-time and stored), infrared sensor pointing, and orbital maneuvers. The system interacts with Payload Operators for status and sensor control, Flight Controllers for orbital adjustments, and Environmental Test Engineers for power generation testing. The Solar Simulation Chamber is used to test electricity generation.",Infrared Sensor Operation | Orbital Mechanics | Payload Management | Power Systems Testing | Satellite Command and Control,association,Flight Controller,actor,Execute Hohmann Transfer,usecase,,Environmental Test Engineer | Flight Controller | Payload Operator | Solar Simulation Chamber,Environmental Test Engineer | Flight Controller | Payload Operator,Solar Simulation Chamber,Execute Hohmann Transfer | Generate Electricity | Get Payload Status | Point Infrared Sensor | Send Command | Send Real Time Command | Send Stored Command,2026-02-26 18:30:58
9,Satellite System,Space System | Satellite,Satellite System,"The Satellite System manages the operation of a satellite, enabling payload status retrieval, command transmission (both real-time and stored), infrared sensor pointing, and orbital maneuvers. The system interacts with Payload Operators for status and sensor control, Flight Controllers for orbital adjustments, and Environmental Test Engineers for power generation testing. The Solar Simulation Chamber is used to test electricity generation.",Infrared Sensor Operation | Orbital Mechanics | Payload Management | Power Systems Testing | Satellite Command and Control,association,Payload Operator,actor,Get Payload Status,usecase,,Environmental Test Engineer | Flight Controller | Payload Operator | Solar Simulation Chamber,Environmental Test Engineer | Flight Controller | Payload Operator,Solar Simulation Chamber,Execute Hohmann Transfer | Generate Electricity | Get Payload Status | Point Infrared Sensor | Send Command | Send Real Time Command | Send Stored Command,2026-02-26 18:30:58
9,Satellite System,Space System | Satellite,Satellite System,"The Satellite System manages the operation of a satellite, enabling payload status retrieval, command transmission (both real-time and stored), infrared sensor pointing, and orbital maneuvers. The system interacts with Payload Operators for status and sensor control, Flight Controllers for orbital adjustments, and Environmental Test Engineers for power generation testing. The Solar Simulation Chamber is used to test electricity generation.",Infrared Sensor Operation | Orbital Mechanics | Payload Management | Power Systems Testing | Satellite Command and Control,association,Payload Operator,actor,Point Infrared Sensor,usecase,,Environmental Test Engineer | Flight Controller | Payload Operator | Solar Simulation Chamber,Environmental Test Engineer | Flight Controller | Payload Operator,Solar Simulation Chamber,Execute Hohmann Transfer | Generate Electricity | Get Payload Status | Point Infrared Sensor | Send Command | Send Real Time Command | Send Stored Command,2026-02-26 18:30:58
9,Satellite System,Space System | Satellite,Satellite System,"The Satellite System manages the operation of a satellite, enabling payload status retrieval, command transmission (both real-time and stored), infrared sensor pointing, and orbital maneuvers. The system interacts with Payload Operators for status and sensor control, Flight Controllers for orbital adjustments, and Environmental Test Engineers for power generation testing. The Solar Simulation Chamber is used to test electricity generation.",Infrared Sensor Operation | Orbital Mechanics | Payload Management | Power Systems Testing | Satellite Command and Control,generalization,Send Stored Command,usecase,Send Command,usecase,,Environmental Test Engineer | Flight Controller | Payload Operator | Solar Simulation Chamber,Environmental Test Engineer | Flight Controller | Payload Operator,Solar Simulation Chamber,Execute Hohmann Transfer | Generate Electricity | Get Payload Status | Point Infrared Sensor | Send Command | Send Real Time Command | Send Stored Command,2026-02-26 18:30:58
9,Satellite System,Space System | Satellite,Satellite System,"The Satellite System manages the operation of a satellite, enabling payload status retrieval, command transmission (both real-time and stored), infrared sensor pointing, and orbital maneuvers. The system interacts with Payload Operators for status and sensor control, Flight Controllers for orbital adjustments, and Environmental Test Engineers for power generation testing. The Solar Simulation Chamber is used to test electricity generation.",Infrared Sensor Operation | Orbital Mechanics | Payload Management | Power Systems Testing | Satellite Command and Control,generalization,Send Real Time Command,usecase,Send Command,usecase,,Environmental Test Engineer | Flight Controller | Payload Operator | Solar Simulation Chamber,Environmental Test Engineer | Flight Controller | Payload Operator,Solar Simulation Chamber,Execute Hohmann Transfer | Generate Electricity | Get Payload Status | Point Infrared Sensor | Send Command | Send Real Time Command | Send Stored Command,2026-02-26 18:30:58
9,Satellite System,Space System | Satellite,Satellite System,"The Satellite System manages the operation of a satellite, enabling payload status retrieval, command transmission (both real-time and stored), infrared sensor pointing, and orbital maneuvers. The system interacts with Payload Operators for status and sensor control, Flight Controllers for orbital adjustments, and Environmental Test Engineers for power generation testing. The Solar Simulation Chamber is used to test electricity generation.",Infrared Sensor Operation | Orbital Mechanics | Payload Management | Power Systems Testing | Satellite Command and Control,include,Get Payload Status,usecase,Send Command,usecase,,Environmental Test Engineer | Flight Controller | Payload Operator | Solar Simulation Chamber,Environmental Test Engineer | Flight Controller | Payload Operator,Solar Simulation Chamber,Execute Hohmann Transfer | Generate Electricity | Get Payload Status | Point Infrared Sensor | Send Command | Send Real Time Command | Send Stored Command,2026-02-26 18:30:58
9,Satellite System,Space System | Satellite,Satellite System,"The Satellite System manages the operation of a satellite, enabling payload status retrieval, command transmission (both real-time and stored), infrared sensor pointing, and orbital maneuvers. The system interacts with Payload Operators for status and sensor control, Flight Controllers for orbital adjustments, and Environmental Test Engineers for power generation testing. The Solar Simulation Chamber is used to test electricity generation.",Infrared Sensor Operation | Orbital Mechanics | Payload Management | Power Systems Testing | Satellite Command and Control,include,Point Infrared Sensor,usecase,Send Command,usecase,,Environmental Test Engineer | Flight Controller | Payload Operator | Solar Simulation Chamber,Environmental Test Engineer | Flight Controller | Payload Operator,Solar Simulation Chamber,Execute Hohmann Transfer | Generate Electricity | Get Payload Status | Point Infrared Sensor | Send Command | Send Real Time Command | Send Stored Command,2026-02-26 18:30:58
9,Satellite System,Space System | Satellite,Satellite System,"The Satellite System manages the operation of a satellite, enabling payload status retrieval, command transmission (both real-time and stored), infrared sensor pointing, and orbital maneuvers. The system interacts with Payload Operators for status and sensor control, Flight Controllers for orbital adjustments, and Environmental Test Engineers for power generation testing. The Solar Simulation Chamber is used to test electricity generation.",Infrared Sensor Operation | Orbital Mechanics | Payload Management | Power Systems Testing | Satellite Command and Control,include,Execute Hohmann Transfer,usecase,Send Command,usecase,,Environmental Test Engineer | Flight Controller | Payload Operator | Solar Simulation Chamber,Environmental Test Engineer | Flight Controller | Payload Operator,Solar Simulation Chamber,Execute Hohmann Transfer | Generate Electricity | Get Payload Status | Point Infrared Sensor | Send Command | Send Real Time Command | Send Stored Command,2026-02-26 18:30:58
10,UAV Mission Planning,Mission System | UAV Planning | UAV Control,UAV Mission Planning,"The UAV Mission Planning system enables an Operator to plan, execute, and monitor missions for Unmanned Aerial Vehicles (UAVs). The Operator interacts with the system to create missions, allocate UAVs, and evaluate mission outcomes. The system utilizes a Camera for image capture during missions, a Server for command processing and mission initiation, and GPS for coordinate management. The system supports creating markers and removing coordinates as part of mission definition, and sending commands to the UAV during mission execution.",Command and Control Systems | Geospatial Data Processing | Image Acquisition | Mission Planning | UAV Mission Management,association,Camera,actor,Capture Image,usecase,,Camera | GPS | Operator | Server,Operator,Camera | GPS | Server,Allocate Uav | Assign Search Area | Capture Image | Create Marker | Create Mission | Evaluate Mission | Feed Command | Monitor Mission | Remove Coordinate | Send Command | Start Mission,2026-02-26 18:31:23
10,UAV Mission Planning,Mission System | UAV Planning | UAV Control,UAV Mission Planning,"The UAV Mission Planning system enables an Operator to plan, execute, and monitor missions for Unmanned Aerial Vehicles (UAVs). The Operator interacts with the system to create missions, allocate UAVs, and evaluate mission outcomes. The system utilizes a Camera for image capture during missions, a Server for command processing and mission initiation, and GPS for coordinate management. The system supports creating markers and removing coordinates as part of mission definition, and sending commands to the UAV during mission execution.",Command and Control Systems | Geospatial Data Processing | Image Acquisition | Mission Planning | UAV Mission Management,association,Server,actor,Feed Command,usecase,,Camera | GPS | Operator | Server,Operator,Camera | GPS | Server,Allocate Uav | Assign Search Area | Capture Image | Create Marker | Create Mission | Evaluate Mission | Feed Command | Monitor Mission | Remove Coordinate | Send Command | Start Mission,2026-02-26 18:31:23
10,UAV Mission Planning,Mission System | UAV Planning | UAV Control,UAV Mission Planning,"The UAV Mission Planning system enables an Operator to plan, execute, and monitor missions for Unmanned Aerial Vehicles (UAVs). The Operator interacts with the system to create missions, allocate UAVs, and evaluate mission outcomes. The system utilizes a Camera for image capture during missions, a Server for command processing and mission initiation, and GPS for coordinate management. The system supports creating markers and removing coordinates as part of mission definition, and sending commands to the UAV during mission execution.",Command and Control Systems | Geospatial Data Processing | Image Acquisition | Mission Planning | UAV Mission Management,association,Server,actor,Start Mission,usecase,,Camera | GPS | Operator | Server,Operator,Camera | GPS | Server,Allocate Uav | Assign Search Area | Capture Image | Create Marker | Create Mission | Evaluate Mission | Feed Command | Monitor Mission | Remove Coordinate | Send Command | Start Mission,2026-02-26 18:31:23
10,UAV Mission Planning,Mission System | UAV Planning | UAV Control,UAV Mission Planning,"The UAV Mission Planning system enables an Operator to plan, execute, and monitor missions for Unmanned Aerial Vehicles (UAVs). The Operator interacts with the system to create missions, allocate UAVs, and evaluate mission outcomes. The system utilizes a Camera for image capture during missions, a Server for command processing and mission initiation, and GPS for coordinate management. The system supports creating markers and removing coordinates as part of mission definition, and sending commands to the UAV during mission execution.",Command and Control Systems | Geospatial Data Processing | Image Acquisition | Mission Planning | UAV Mission Management,association,GPS,actor,Remove Coordinate,usecase,,Camera | GPS | Operator | Server,Operator,Camera | GPS | Server,Allocate Uav | Assign Search Area | Capture Image | Create Marker | Create Mission | Evaluate Mission | Feed Command | Monitor Mission | Remove Coordinate | Send Command | Start Mission,2026-02-26 18:31:23
10,UAV Mission Planning,Mission System | UAV Planning | UAV Control,UAV Mission Planning,"The UAV Mission Planning system enables an Operator to plan, execute, and monitor missions for Unmanned Aerial Vehicles (UAVs). The Operator interacts with the system to create missions, allocate UAVs, and evaluate mission outcomes. The system utilizes a Camera for image capture during missions, a Server for command processing and mission initiation, and GPS for coordinate management. The system supports creating markers and removing coordinates as part of mission definition, and sending commands to the UAV during mission execution.",Command and Control Systems | Geospatial Data Processing | Image Acquisition | Mission Planning | UAV Mission Management,association,Operator,actor,Evaluate Mission,usecase,,Camera | GPS | Operator | Server,Operator,Camera | GPS | Server,Allocate Uav | Assign Search Area | Capture Image | Create Marker | Create Mission | Evaluate Mission | Feed Command | Monitor Mission | Remove Coordinate | Send Command | Start Mission,2026-02-26 18:31:23
10,UAV Mission Planning,Mission System | UAV Planning | UAV Control,UAV Mission Planning,"The UAV Mission Planning system enables an Operator to plan, execute, and monitor missions for Unmanned Aerial Vehicles (UAVs). The Operator interacts with the system to create missions, allocate UAVs, and evaluate mission outcomes. The system utilizes a Camera for image capture during missions, a Server for command processing and mission initiation, and GPS for coordinate management. The system supports creating markers and removing coordinates as part of mission definition, and sending commands to the UAV during mission execution.",Command and Control Systems | Geospatial Data Processing | Image Acquisition | Mission Planning | UAV Mission Management,association,Operator,actor,Monitor Mission,usecase,,Camera | GPS | Operator | Server,Operator,Camera | GPS | Server,Allocate Uav | Assign Search Area | Capture Image | Create Marker | Create Mission | Evaluate Mission | Feed Command | Monitor Mission | Remove Coordinate | Send Command | Start Mission,2026-02-26 18:31:23
10,UAV Mission Planning,Mission System | UAV Planning | UAV Control,UAV Mission Planning,"The UAV Mission Planning system enables an Operator to plan, execute, and monitor missions for Unmanned Aerial Vehicles (UAVs). The Operator interacts with the system to create missions, allocate UAVs, and evaluate mission outcomes. The system utilizes a Camera for image capture during missions, a Server for command processing and mission initiation, and GPS for coordinate management. The system supports creating markers and removing coordinates as part of mission definition, and sending commands to the UAV during mission execution.",Command and Control Systems | Geospatial Data Processing | Image Acquisition | Mission Planning | UAV Mission Management,association,Operator,actor,Allocate Uav,usecase,,Camera | GPS | Operator | Server,Operator,Camera | GPS | Server,Allocate Uav | Assign Search Area | Capture Image | Create Marker | Create Mission | Evaluate Mission | Feed Command | Monitor Mission | Remove Coordinate | Send Command | Start Mission,2026-02-26 18:31:23
10,UAV Mission Planning,Mission System | UAV Planning | UAV Control,UAV Mission Planning,"The UAV Mission Planning system enables an Operator to plan, execute, and monitor missions for Unmanned Aerial Vehicles (UAVs). The Operator interacts with the system to create missions, allocate UAVs, and evaluate mission outcomes. The system utilizes a Camera for image capture during missions, a Server for command processing and mission initiation, and GPS for coordinate management. The system supports creating markers and removing coordinates as part of mission definition, and sending commands to the UAV during mission execution.",Command and Control Systems | Geospatial Data Processing | Image Acquisition | Mission Planning | UAV Mission Management,association,Operator,actor,Create Mission,usecase,,Camera | GPS | Operator | Server,Operator,Camera | GPS | Server,Allocate Uav | Assign Search Area | Capture Image | Create Marker | Create Mission | Evaluate Mission | Feed Command | Monitor Mission | Remove Coordinate | Send Command | Start Mission,2026-02-26 18:31:23
10,UAV Mission Planning,Mission System | UAV Planning | UAV Control,UAV Mission Planning,"The UAV Mission Planning system enables an Operator to plan, execute, and monitor missions for Unmanned Aerial Vehicles (UAVs). The Operator interacts with the system to create missions, allocate UAVs, and evaluate mission outcomes. The system utilizes a Camera for image capture during missions, a Server for command processing and mission initiation, and GPS for coordinate management. The system supports creating markers and removing coordinates as part of mission definition, and sending commands to the UAV during mission execution.",Command and Control Systems | Geospatial Data Processing | Image Acquisition | Mission Planning | UAV Mission Management,include,Create Marker,usecase,Remove Coordinate,usecase,,Camera | GPS | Operator | Server,Operator,Camera | GPS | Server,Allocate Uav | Assign Search Area | Capture Image | Create Marker | Create Mission | Evaluate Mission | Feed Command | Monitor Mission | Remove Coordinate | Send Command | Start Mission,2026-02-26 18:31:23
10,UAV Mission Planning,Mission System | UAV Planning | UAV Control,UAV Mission Planning,"The UAV Mission Planning system enables an Operator to plan, execute, and monitor missions for Unmanned Aerial Vehicles (UAVs). The Operator interacts with the system to create missions, allocate UAVs, and evaluate mission outcomes. The system utilizes a Camera for image capture during missions, a Server for command processing and mission initiation, and GPS for coordinate management. The system supports creating markers and removing coordinates as part of mission definition, and sending commands to the UAV during mission execution.",Command and Control Systems | Geospatial Data Processing | Image Acquisition | Mission Planning | UAV Mission Management,include,Create Mission,usecase,Create Marker,usecase,,Camera | GPS | Operator | Server,Operator,Camera | GPS | Server,Allocate Uav | Assign Search Area | Capture Image | Create Marker | Create Mission | Evaluate Mission | Feed Command | Monitor Mission | Remove Coordinate | Send Command | Start Mission,2026-02-26 18:31:23
10,UAV Mission Planning,Mission System | UAV Planning | UAV Control,UAV Mission Planning,"The UAV Mission Planning system enables an Operator to plan, execute, and monitor missions for Unmanned Aerial Vehicles (UAVs). The Operator interacts with the system to create missions, allocate UAVs, and evaluate mission outcomes. The system utilizes a Camera for image capture during missions, a Server for command processing and mission initiation, and GPS for coordinate management. The system supports creating markers and removing coordinates as part of mission definition, and sending commands to the UAV during mission execution.",Command and Control Systems | Geospatial Data Processing | Image Acquisition | Mission Planning | UAV Mission Management,include,Start Mission,usecase,Capture Image,usecase,,Camera | GPS | Operator | Server,Operator,Camera | GPS | Server,Allocate Uav | Assign Search Area | Capture Image | Create Marker | Create Mission | Evaluate Mission | Feed Command | Monitor Mission | Remove Coordinate | Send Command | Start Mission,2026-02-26 18:31:23
10,UAV Mission Planning,Mission System | UAV Planning | UAV Control,UAV Mission Planning,"The UAV Mission Planning system enables an Operator to plan, execute, and monitor missions for Unmanned Aerial Vehicles (UAVs). The Operator interacts with the system to create missions, allocate UAVs, and evaluate mission outcomes. The system utilizes a Camera for image capture during missions, a Server for command processing and mission initiation, and GPS for coordinate management. The system supports creating markers and removing coordinates as part of mission definition, and sending commands to the UAV during mission execution.",Command and Control Systems | Geospatial Data Processing | Image Acquisition | Mission Planning | UAV Mission Management,include,Feed Command,usecase,Assign Search Area,usecase,,Camera | GPS | Operator | Server,Operator,Camera | GPS | Server,Allocate Uav | Assign Search Area | Capture Image | Create Marker | Create Mission | Evaluate Mission | Feed Command | Monitor Mission | Remove Coordinate | Send Command | Start Mission,2026-02-26 18:31:23
10,UAV Mission Planning,Mission System | UAV Planning | UAV Control,UAV Mission Planning,"The UAV Mission Planning system enables an Operator to plan, execute, and monitor missions for Unmanned Aerial Vehicles (UAVs). The Operator interacts with the system to create missions, allocate UAVs, and evaluate mission outcomes. The system utilizes a Camera for image capture during missions, a Server for command processing and mission initiation, and GPS for coordinate management. The system supports creating markers and removing coordinates as part of mission definition, and sending commands to the UAV during mission execution.",Command and Control Systems | Geospatial Data Processing | Image Acquisition | Mission Planning | UAV Mission Management,include,Start Mission,usecase,Send Command,usecase,,Camera | GPS | Operator | Server,Operator,Camera | GPS | Server,Allocate Uav | Assign Search Area | Capture Image | Create Marker | Create Mission | Evaluate Mission | Feed Command | Monitor Mission | Remove Coordinate | Send Command | Start Mission,2026-02-26 18:31:23
10,UAV Mission Planning,Mission System | UAV Planning | UAV Control,UAV Mission Planning,"The UAV Mission Planning system enables an Operator to plan, execute, and monitor missions for Unmanned Aerial Vehicles (UAVs). The Operator interacts with the system to create missions, allocate UAVs, and evaluate mission outcomes. The system utilizes a Camera for image capture during missions, a Server for command processing and mission initiation, and GPS for coordinate management. The system supports creating markers and removing coordinates as part of mission definition, and sending commands to the UAV during mission execution.",Command and Control Systems | Geospatial Data Processing | Image Acquisition | Mission Planning | UAV Mission Management,include,Create Mission,usecase,Start Mission,usecase,,Camera | GPS | Operator | Server,Operator,Camera | GPS | Server,Allocate Uav | Assign Search Area | Capture Image | Create Marker | Create Mission | Evaluate Mission | Feed Command | Monitor Mission | Remove Coordinate | Send Command | Start Mission,2026-02-26 18:31:23
11,Real Time System Controller,Controller System | Real Time Controller | RTS Controller,Real Time System Controller,"The Real Time System Controller manages system maintenance, setup, and shutdown procedures, as well as data acquisition, computation, and information delivery. The Maintenance Crew initiates maintenance procedures, while the Supervisor oversees system setup and shutdown. The System User receives information from the system. Sensors provide input for computation, and actuators execute computational results. The system supports both scheduled and on-demand maintenance.",Data Acquisition and Processing | Real-time Control Systems | Supervisory Control | System Maintenance Management | User Information Systems,association,Maintenance Crew,actor,Apply Maintenance Procedure,usecase,,Actuator | Maintenance Crew | Sensor | Supervisor | System User,Maintenance Crew | Supervisor | System User,Actuator | Sensor,Acquire Input | Apply Maintenance Procedure | Apply Scheduled Maintenance | Apply Upon Request Maintenance | Inform User | Perform Computation | Run Setup Proedure | Run Shutdown Procdure | Store Result,2026-02-26 18:31:46
11,Real Time System Controller,Controller System | Real Time Controller | RTS Controller,Real Time System Controller,"The Real Time System Controller manages system maintenance, setup, and shutdown procedures, as well as data acquisition, computation, and information delivery. The Maintenance Crew initiates maintenance procedures, while the Supervisor oversees system setup and shutdown. The System User receives information from the system. Sensors provide input for computation, and actuators execute computational results. The system supports both scheduled and on-demand maintenance.",Data Acquisition and Processing | Real-time Control Systems | Supervisory Control | System Maintenance Management | User Information Systems,association,System User,actor,Inform User,usecase,,Actuator | Maintenance Crew | Sensor | Supervisor | System User,Maintenance Crew | Supervisor | System User,Actuator | Sensor,Acquire Input | Apply Maintenance Procedure | Apply Scheduled Maintenance | Apply Upon Request Maintenance | Inform User | Perform Computation | Run Setup Proedure | Run Shutdown Procdure | Store Result,2026-02-26 18:31:46
11,Real Time System Controller,Controller System | Real Time Controller | RTS Controller,Real Time System Controller,"The Real Time System Controller manages system maintenance, setup, and shutdown procedures, as well as data acquisition, computation, and information delivery. The Maintenance Crew initiates maintenance procedures, while the Supervisor oversees system setup and shutdown. The System User receives information from the system. Sensors provide input for computation, and actuators execute computational results. The system supports both scheduled and on-demand maintenance.",Data Acquisition and Processing | Real-time Control Systems | Supervisory Control | System Maintenance Management | User Information Systems,association,Sensor,actor,Acquire Input,usecase,,Actuator | Maintenance Crew | Sensor | Supervisor | System User,Maintenance Crew | Supervisor | System User,Actuator | Sensor,Acquire Input | Apply Maintenance Procedure | Apply Scheduled Maintenance | Apply Upon Request Maintenance | Inform User | Perform Computation | Run Setup Proedure | Run Shutdown Procdure | Store Result,2026-02-26 18:31:46
11,Real Time System Controller,Controller System | Real Time Controller | RTS Controller,Real Time System Controller,"The Real Time System Controller manages system maintenance, setup, and shutdown procedures, as well as data acquisition, computation, and information delivery. The Maintenance Crew initiates maintenance procedures, while the Supervisor oversees system setup and shutdown. The System User receives information from the system. Sensors provide input for computation, and actuators execute computational results. The system supports both scheduled and on-demand maintenance.",Data Acquisition and Processing | Real-time Control Systems | Supervisory Control | System Maintenance Management | User Information Systems,association,Run Shutdown Procdure,usecase,Supervisor,actor,,Actuator | Maintenance Crew | Sensor | Supervisor | System User,Maintenance Crew | Supervisor | System User,Actuator | Sensor,Acquire Input | Apply Maintenance Procedure | Apply Scheduled Maintenance | Apply Upon Request Maintenance | Inform User | Perform Computation | Run Setup Proedure | Run Shutdown Procdure | Store Result,2026-02-26 18:31:46
11,Real Time System Controller,Controller System | Real Time Controller | RTS Controller,Real Time System Controller,"The Real Time System Controller manages system maintenance, setup, and shutdown procedures, as well as data acquisition, computation, and information delivery. The Maintenance Crew initiates maintenance procedures, while the Supervisor oversees system setup and shutdown. The System User receives information from the system. Sensors provide input for computation, and actuators execute computational results. The system supports both scheduled and on-demand maintenance.",Data Acquisition and Processing | Real-time Control Systems | Supervisory Control | System Maintenance Management | User Information Systems,association,Run Setup Proedure,usecase,Supervisor,actor,,Actuator | Maintenance Crew | Sensor | Supervisor | System User,Maintenance Crew | Supervisor | System User,Actuator | Sensor,Acquire Input | Apply Maintenance Procedure | Apply Scheduled Maintenance | Apply Upon Request Maintenance | Inform User | Perform Computation | Run Setup Proedure | Run Shutdown Procdure | Store Result,2026-02-26 18:31:46
11,Real Time System Controller,Controller System | Real Time Controller | RTS Controller,Real Time System Controller,"The Real Time System Controller manages system maintenance, setup, and shutdown procedures, as well as data acquisition, computation, and information delivery. The Maintenance Crew initiates maintenance procedures, while the Supervisor oversees system setup and shutdown. The System User receives information from the system. Sensors provide input for computation, and actuators execute computational results. The system supports both scheduled and on-demand maintenance.",Data Acquisition and Processing | Real-time Control Systems | Supervisory Control | System Maintenance Management | User Information Systems,association,Perform Computation,usecase,Actuator,actor,,Actuator | Maintenance Crew | Sensor | Supervisor | System User,Maintenance Crew | Supervisor | System User,Actuator | Sensor,Acquire Input | Apply Maintenance Procedure | Apply Scheduled Maintenance | Apply Upon Request Maintenance | Inform User | Perform Computation | Run Setup Proedure | Run Shutdown Procdure | Store Result,2026-02-26 18:31:46
11,Real Time System Controller,Controller System | Real Time Controller | RTS Controller,Real Time System Controller,"The Real Time System Controller manages system maintenance, setup, and shutdown procedures, as well as data acquisition, computation, and information delivery. The Maintenance Crew initiates maintenance procedures, while the Supervisor oversees system setup and shutdown. The System User receives information from the system. Sensors provide input for computation, and actuators execute computational results. The system supports both scheduled and on-demand maintenance.",Data Acquisition and Processing | Real-time Control Systems | Supervisory Control | System Maintenance Management | User Information Systems,extend,Store Result,usecase,Perform Computation,usecase,When Storing is Required,Actuator | Maintenance Crew | Sensor | Supervisor | System User,Maintenance Crew | Supervisor | System User,Actuator | Sensor,Acquire Input | Apply Maintenance Procedure | Apply Scheduled Maintenance | Apply Upon Request Maintenance | Inform User | Perform Computation | Run Setup Proedure | Run Shutdown Procdure | Store Result,2026-02-26 18:31:46
11,Real Time System Controller,Controller System | Real Time Controller | RTS Controller,Real Time System Controller,"The Real Time System Controller manages system maintenance, setup, and shutdown procedures, as well as data acquisition, computation, and information delivery. The Maintenance Crew initiates maintenance procedures, while the Supervisor oversees system setup and shutdown. The System User receives information from the system. Sensors provide input for computation, and actuators execute computational results. The system supports both scheduled and on-demand maintenance.",Data Acquisition and Processing | Real-time Control Systems | Supervisory Control | System Maintenance Management | User Information Systems,generalization,Apply Upon Request Maintenance,usecase,Apply Maintenance Procedure,usecase,,Actuator | Maintenance Crew | Sensor | Supervisor | System User,Maintenance Crew | Supervisor | System User,Actuator | Sensor,Acquire Input | Apply Maintenance Procedure | Apply Scheduled Maintenance | Apply Upon Request Maintenance | Inform User | Perform Computation | Run Setup Proedure | Run Shutdown Procdure | Store Result,2026-02-26 18:31:46
11,Real Time System Controller,Controller System | Real Time Controller | RTS Controller,Real Time System Controller,"The Real Time System Controller manages system maintenance, setup, and shutdown procedures, as well as data acquisition, computation, and information delivery. The Maintenance Crew initiates maintenance procedures, while the Supervisor oversees system setup and shutdown. The System User receives information from the system. Sensors provide input for computation, and actuators execute computational results. The system supports both scheduled and on-demand maintenance.",Data Acquisition and Processing | Real-time Control Systems | Supervisory Control | System Maintenance Management | User Information Systems,generalization,Apply Scheduled Maintenance,usecase,Apply Maintenance Procedure,usecase,,Actuator | Maintenance Crew | Sensor | Supervisor | System User,Maintenance Crew | Supervisor | System User,Actuator | Sensor,Acquire Input | Apply Maintenance Procedure | Apply Scheduled Maintenance | Apply Upon Request Maintenance | Inform User | Perform Computation | Run Setup Proedure | Run Shutdown Procdure | Store Result,2026-02-26 18:31:46
11,Real Time System Controller,Controller System | Real Time Controller | RTS Controller,Real Time System Controller,"The Real Time System Controller manages system maintenance, setup, and shutdown procedures, as well as data acquisition, computation, and information delivery. The Maintenance Crew initiates maintenance procedures, while the Supervisor oversees system setup and shutdown. The System User receives information from the system. Sensors provide input for computation, and actuators execute computational results. The system supports both scheduled and on-demand maintenance.",Data Acquisition and Processing | Real-time Control Systems | Supervisory Control | System Maintenance Management | User Information Systems,include,Perform Computation,usecase,Acquire Input,usecase,,Actuator | Maintenance Crew | Sensor | Supervisor | System User,Maintenance Crew | Supervisor | System User,Actuator | Sensor,Acquire Input | Apply Maintenance Procedure | Apply Scheduled Maintenance | Apply Upon Request Maintenance | Inform User | Perform Computation | Run Setup Proedure | Run Shutdown Procdure | Store Result,2026-02-26 18:31:46
12,Aircraft Design Review System,Aircraft Review System | Design Review | Review System,Aircraft Design Review System,"The Aircraft Design Review System facilitates the review and approval of aircraft designs. Design Engineers submit designs and register components. Systems Engineers review these designs. Project Managers approve modifications. The system generates review reports, optionally extending the submission process when changes are required, and incorporates design component registration into the submission process.",Aerospace Engineering | Configuration Management | Design Review | Project Management | Systems Engineering,association,Design Engineer,actor,Submit Design,usecase,,Design Engineer | Project Manager | Systems Engineer,Design Engineer | Project Manager | Systems Engineer,,Approve Modification | Generate Review Report | Register Design Component | Review Design | Submit Design,2026-02-26 18:32:05
12,Aircraft Design Review System,Aircraft Review System | Design Review | Review System,Aircraft Design Review System,"The Aircraft Design Review System facilitates the review and approval of aircraft designs. Design Engineers submit designs and register components. Systems Engineers review these designs. Project Managers approve modifications. The system generates review reports, optionally extending the submission process when changes are required, and incorporates design component registration into the submission process.",Aerospace Engineering | Configuration Management | Design Review | Project Management | Systems Engineering,association,Systems Engineer,actor,Review Design,usecase,,Design Engineer | Project Manager | Systems Engineer,Design Engineer | Project Manager | Systems Engineer,,Approve Modification | Generate Review Report | Register Design Component | Review Design | Submit Design,2026-02-26 18:32:05
12,Aircraft Design Review System,Aircraft Review System | Design Review | Review System,Aircraft Design Review System,"The Aircraft Design Review System facilitates the review and approval of aircraft designs. Design Engineers submit designs and register components. Systems Engineers review these designs. Project Managers approve modifications. The system generates review reports, optionally extending the submission process when changes are required, and incorporates design component registration into the submission process.",Aerospace Engineering | Configuration Management | Design Review | Project Management | Systems Engineering,association,Project Manager,actor,Approve Modification,usecase,,Design Engineer | Project Manager | Systems Engineer,Design Engineer | Project Manager | Systems Engineer,,Approve Modification | Generate Review Report | Register Design Component | Review Design | Submit Design,2026-02-26 18:32:05
12,Aircraft Design Review System,Aircraft Review System | Design Review | Review System,Aircraft Design Review System,"The Aircraft Design Review System facilitates the review and approval of aircraft designs. Design Engineers submit designs and register components. Systems Engineers review these designs. Project Managers approve modifications. The system generates review reports, optionally extending the submission process when changes are required, and incorporates design component registration into the submission process.",Aerospace Engineering | Configuration Management | Design Review | Project Management | Systems Engineering,association,Design Engineer,actor,Register Design Component,usecase,,Design Engineer | Project Manager | Systems Engineer,Design Engineer | Project Manager | Systems Engineer,,Approve Modification | Generate Review Report | Register Design Component | Review Design | Submit Design,2026-02-26 18:32:05
12,Aircraft Design Review System,Aircraft Review System | Design Review | Review System,Aircraft Design Review System,"The Aircraft Design Review System facilitates the review and approval of aircraft designs. Design Engineers submit designs and register components. Systems Engineers review these designs. Project Managers approve modifications. The system generates review reports, optionally extending the submission process when changes are required, and incorporates design component registration into the submission process.",Aerospace Engineering | Configuration Management | Design Review | Project Management | Systems Engineering,extend,Generate Review Report,usecase,Submit Design,usecase,When Change is Required,Design Engineer | Project Manager | Systems Engineer,Design Engineer | Project Manager | Systems Engineer,,Approve Modification | Generate Review Report | Register Design Component | Review Design | Submit Design,2026-02-26 18:32:05
12,Aircraft Design Review System,Aircraft Review System | Design Review | Review System,Aircraft Design Review System,"The Aircraft Design Review System facilitates the review and approval of aircraft designs. Design Engineers submit designs and register components. Systems Engineers review these designs. Project Managers approve modifications. The system generates review reports, optionally extending the submission process when changes are required, and incorporates design component registration into the submission process.",Aerospace Engineering | Configuration Management | Design Review | Project Management | Systems Engineering,include,Register Design Component,usecase,Submit Design,usecase,,Design Engineer | Project Manager | Systems Engineer,Design Engineer | Project Manager | Systems Engineer,,Approve Modification | Generate Review Report | Register Design Component | Review Design | Submit Design,2026-02-26 18:32:05
13,Inverted Pendulum System,Pendulum System | Inverted Pendulum,Inverted Pendulum System,"The Inverted Pendulum System is controlled by a User and subject to external Disturbances. The User can start and stop the controller, set the controller gain, and set the amplifier gain. The Disturbance actor introduces external forces to the system, affecting its stability. The system's core functionality revolves around maintaining the pendulum's balance through controller adjustments.",Control Systems Engineering | Mechanical Engineering | Robotics | Signal Processing | System Dynamics,association,Disturbance,actor,Disturb System,usecase,,Disturbance | User,User,Disturbance,Disturb System | Set Amplifier Gain | Set Controller Gain | Start Controller | Stop Controller,2026-02-26 18:32:29
13,Inverted Pendulum System,Pendulum System | Inverted Pendulum,Inverted Pendulum System,"The Inverted Pendulum System is controlled by a User and subject to external Disturbances. The User can start and stop the controller, set the controller gain, and set the amplifier gain. The Disturbance actor introduces external forces to the system, affecting its stability. The system's core functionality revolves around maintaining the pendulum's balance through controller adjustments.",Control Systems Engineering | Mechanical Engineering | Robotics | Signal Processing | System Dynamics,association,User,actor,Stop Controller,usecase,,Disturbance | User,User,Disturbance,Disturb System | Set Amplifier Gain | Set Controller Gain | Start Controller | Stop Controller,2026-02-26 18:32:29
13,Inverted Pendulum System,Pendulum System | Inverted Pendulum,Inverted Pendulum System,"The Inverted Pendulum System is controlled by a User and subject to external Disturbances. The User can start and stop the controller, set the controller gain, and set the amplifier gain. The Disturbance actor introduces external forces to the system, affecting its stability. The system's core functionality revolves around maintaining the pendulum's balance through controller adjustments.",Control Systems Engineering | Mechanical Engineering | Robotics | Signal Processing | System Dynamics,association,User,actor,Start Controller,usecase,,Disturbance | User,User,Disturbance,Disturb System | Set Amplifier Gain | Set Controller Gain | Start Controller | Stop Controller,2026-02-26 18:32:29
13,Inverted Pendulum System,Pendulum System | Inverted Pendulum,Inverted Pendulum System,"The Inverted Pendulum System is controlled by a User and subject to external Disturbances. The User can start and stop the controller, set the controller gain, and set the amplifier gain. The Disturbance actor introduces external forces to the system, affecting its stability. The system's core functionality revolves around maintaining the pendulum's balance through controller adjustments.",Control Systems Engineering | Mechanical Engineering | Robotics | Signal Processing | System Dynamics,association,User,actor,Set Controller Gain,usecase,,Disturbance | User,User,Disturbance,Disturb System | Set Amplifier Gain | Set Controller Gain | Start Controller | Stop Controller,2026-02-26 18:32:29
13,Inverted Pendulum System,Pendulum System | Inverted Pendulum,Inverted Pendulum System,"The Inverted Pendulum System is controlled by a User and subject to external Disturbances. The User can start and stop the controller, set the controller gain, and set the amplifier gain. The Disturbance actor introduces external forces to the system, affecting its stability. The system's core functionality revolves around maintaining the pendulum's balance through controller adjustments.",Control Systems Engineering | Mechanical Engineering | Robotics | Signal Processing | System Dynamics,association,User,actor,Set Amplifier Gain,usecase,,Disturbance | User,User,Disturbance,Disturb System | Set Amplifier Gain | Set Controller Gain | Start Controller | Stop Controller,2026-02-26 18:32:29
14,Security System,Security Infrastructure | Protection System,Security System,"The Security System monitors for intrusions and allows an Operator to activate and deactivate the system. An Intruder triggers sensors, which the system monitors. The system's primary function is to detect and respond to security breaches, with the Operator having control over system activation and deactivation, and monitoring system status.",Access Control | Intrusion Detection | Physical Security | Security System Management | Surveillance,association,Operator,actor,Monitor,usecase,,Intruder | Operator,Intruder | Operator,,Activate System | Deactivate System | Monitor | Trigger Sensor,2026-02-26 18:32:49
14,Security System,Security Infrastructure | Protection System,Security System,"The Security System monitors for intrusions and allows an Operator to activate and deactivate the system. An Intruder triggers sensors, which the system monitors. The system's primary function is to detect and respond to security breaches, with the Operator having control over system activation and deactivation, and monitoring system status.",Access Control | Intrusion Detection | Physical Security | Security System Management | Surveillance,association,Operator,actor,Activate System,usecase,,Intruder | Operator,Intruder | Operator,,Activate System | Deactivate System | Monitor | Trigger Sensor,2026-02-26 18:32:49
14,Security System,Security Infrastructure | Protection System,Security System,"The Security System monitors for intrusions and allows an Operator to activate and deactivate the system. An Intruder triggers sensors, which the system monitors. The system's primary function is to detect and respond to security breaches, with the Operator having control over system activation and deactivation, and monitoring system status.",Access Control | Intrusion Detection | Physical Security | Security System Management | Surveillance,association,Operator,actor,Deactivate System,usecase,,Intruder | Operator,Intruder | Operator,,Activate System | Deactivate System | Monitor | Trigger Sensor,2026-02-26 18:32:49
14,Security System,Security Infrastructure | Protection System,Security System,"The Security System monitors for intrusions and allows an Operator to activate and deactivate the system. An Intruder triggers sensors, which the system monitors. The system's primary function is to detect and respond to security breaches, with the Operator having control over system activation and deactivation, and monitoring system status.",Access Control | Intrusion Detection | Physical Security | Security System Management | Surveillance,association,Intruder,actor,Trigger Sensor,usecase,,Intruder | Operator,Intruder | Operator,,Activate System | Deactivate System | Monitor | Trigger Sensor,2026-02-26 18:32:49
14,Security System,Security Infrastructure | Protection System,Security System,"The Security System monitors for intrusions and allows an Operator to activate and deactivate the system. An Intruder triggers sensors, which the system monitors. The system's primary function is to detect and respond to security breaches, with the Operator having control over system activation and deactivation, and monitoring system status.",Access Control | Intrusion Detection | Physical Security | Security System Management | Surveillance,extend,Trigger Sensor,usecase,Monitor,usecase,When There is a Breach,Intruder | Operator,Intruder | Operator,,Activate System | Deactivate System | Monitor | Trigger Sensor,2026-02-26 18:32:49
15,Library Management System,Library System | Management System,Library Management System,"The Library Management System facilitates book-related transactions between Users and Librarians. Users can purchase and borrow books, while Librarians manage user registration and loan updates. The system ensures books are properly tracked and returned, with borrowing inherently including a return process. User registration incorporates loan update functionality.",Book Lending | Inventory Management | Library Management | Transaction Processing | User Account Management,association,User,actor,Purchase Book,usecase,,Librarian | User,Librarian | User,,Borrow Book | Purchase Book | Register User | Return Book | Update Loan,2026-02-26 18:33:08
15,Library Management System,Library System | Management System,Library Management System,"The Library Management System facilitates book-related transactions between Users and Librarians. Users can purchase and borrow books, while Librarians manage user registration and loan updates. The system ensures books are properly tracked and returned, with borrowing inherently including a return process. User registration incorporates loan update functionality.",Book Lending | Inventory Management | Library Management | Transaction Processing | User Account Management,association,User,actor,Borrow Book,usecase,,Librarian | User,Librarian | User,,Borrow Book | Purchase Book | Register User | Return Book | Update Loan,2026-02-26 18:33:08
15,Library Management System,Library System | Management System,Library Management System,"The Library Management System facilitates book-related transactions between Users and Librarians. Users can purchase and borrow books, while Librarians manage user registration and loan updates. The system ensures books are properly tracked and returned, with borrowing inherently including a return process. User registration incorporates loan update functionality.",Book Lending | Inventory Management | Library Management | Transaction Processing | User Account Management,association,Librarian,actor,Register User,usecase,,Librarian | User,Librarian | User,,Borrow Book | Purchase Book | Register User | Return Book | Update Loan,2026-02-26 18:33:08
15,Library Management System,Library System | Management System,Library Management System,"The Library Management System facilitates book-related transactions between Users and Librarians. Users can purchase and borrow books, while Librarians manage user registration and loan updates. The system ensures books are properly tracked and returned, with borrowing inherently including a return process. User registration incorporates loan update functionality.",Book Lending | Inventory Management | Library Management | Transaction Processing | User Account Management,association,User,actor,Register User,usecase,,Librarian | User,Librarian | User,,Borrow Book | Purchase Book | Register User | Return Book | Update Loan,2026-02-26 18:33:08
15,Library Management System,Library System | Management System,Library Management System,"The Library Management System facilitates book-related transactions between Users and Librarians. Users can purchase and borrow books, while Librarians manage user registration and loan updates. The system ensures books are properly tracked and returned, with borrowing inherently including a return process. User registration incorporates loan update functionality.",Book Lending | Inventory Management | Library Management | Transaction Processing | User Account Management,include,Borrow Book,usecase,Return Book,usecase,,Librarian | User,Librarian | User,,Borrow Book | Purchase Book | Register User | Return Book | Update Loan,2026-02-26 18:33:08
15,Library Management System,Library System | Management System,Library Management System,"The Library Management System facilitates book-related transactions between Users and Librarians. Users can purchase and borrow books, while Librarians manage user registration and loan updates. The system ensures books are properly tracked and returned, with borrowing inherently including a return process. User registration incorporates loan update functionality.",Book Lending | Inventory Management | Library Management | Transaction Processing | User Account Management,include,Register User,usecase,Update Loan,usecase,,Librarian | User,Librarian | User,,Borrow Book | Purchase Book | Register User | Return Book | Update Loan,2026-02-26 18:33:08
16,Cellular Telephone,Cell Phone | Telephone System,Cellular Telephone,"The Cellular Telephone system enables users to make and end phone calls, place conference calls, monitor signal strength, and utilize a scheduler. The system interacts with users directly for call management and with the cellular network for signal monitoring and scheduler functionality. The cellular network provides the underlying infrastructure for these services.",Call Management | Mobile Computing | Personal Productivity | Telecommunications | Wireless Communication,association,Cellular Network,actor,Use Scheduler,usecase,,Cellular Network | User,User,Cellular Network,Cut Call | Monitor Signal Strength | Place Conference Call | Place Phone Call | Use Scheduler,2026-02-26 18:33:28
16,Cellular Telephone,Cell Phone | Telephone System,Cellular Telephone,"The Cellular Telephone system enables users to make and end phone calls, place conference calls, monitor signal strength, and utilize a scheduler. The system interacts with users directly for call management and with the cellular network for signal monitoring and scheduler functionality. The cellular network provides the underlying infrastructure for these services.",Call Management | Mobile Computing | Personal Productivity | Telecommunications | Wireless Communication,association,Cellular Network,actor,Monitor Signal Strength,usecase,,Cellular Network | User,User,Cellular Network,Cut Call | Monitor Signal Strength | Place Conference Call | Place Phone Call | Use Scheduler,2026-02-26 18:33:28
16,Cellular Telephone,Cell Phone | Telephone System,Cellular Telephone,"The Cellular Telephone system enables users to make and end phone calls, place conference calls, monitor signal strength, and utilize a scheduler. The system interacts with users directly for call management and with the cellular network for signal monitoring and scheduler functionality. The cellular network provides the underlying infrastructure for these services.",Call Management | Mobile Computing | Personal Productivity | Telecommunications | Wireless Communication,association,User,actor,Place Phone Call,usecase,,Cellular Network | User,User,Cellular Network,Cut Call | Monitor Signal Strength | Place Conference Call | Place Phone Call | Use Scheduler,2026-02-26 18:33:28
16,Cellular Telephone,Cell Phone | Telephone System,Cellular Telephone,"The Cellular Telephone system enables users to make and end phone calls, place conference calls, monitor signal strength, and utilize a scheduler. The system interacts with users directly for call management and with the cellular network for signal monitoring and scheduler functionality. The cellular network provides the underlying infrastructure for these services.",Call Management | Mobile Computing | Personal Productivity | Telecommunications | Wireless Communication,association,User,actor,Cut Call,usecase,,Cellular Network | User,User,Cellular Network,Cut Call | Monitor Signal Strength | Place Conference Call | Place Phone Call | Use Scheduler,2026-02-26 18:33:28
16,Cellular Telephone,Cell Phone | Telephone System,Cellular Telephone,"The Cellular Telephone system enables users to make and end phone calls, place conference calls, monitor signal strength, and utilize a scheduler. The system interacts with users directly for call management and with the cellular network for signal monitoring and scheduler functionality. The cellular network provides the underlying infrastructure for these services.",Call Management | Mobile Computing | Personal Productivity | Telecommunications | Wireless Communication,extend,Place Conference Call,usecase,Place Phone Call,usecase,When in Need of Multiple Callers,Cellular Network | User,User,Cellular Network,Cut Call | Monitor Signal Strength | Place Conference Call | Place Phone Call | Use Scheduler,2026-02-26 18:33:28
17,Maintenance Management System,MMS | Maintenance System,Maintenance Management System,"The Maintenance Management System facilitates the tracking and execution of maintenance activities for equipment. Customers can request maintenance and register new equipment. Technicians schedule and perform maintenance, while the Maintenance Manager oversees maintenance execution. The system also generates reports, potentially extending from maintenance requests when changes are required. The system supports the lifecycle of equipment maintenance from initial registration through scheduled and reactive maintenance, and reporting.",Asset Management | Corrective Maintenance Management | Equipment Maintenance | Preventive Maintenance Scheduling | Reporting and Analytics,association,Customer,actor,Request Maintenance,usecase,,Customer | Maintenance Manager | Technician,Customer | Maintenance Manager | Technician,,Generate Report | Perform Maintenance | Register New Equipment | Request Maintenance | Schedule Maintenance,2026-02-26 18:33:52
17,Maintenance Management System,MMS | Maintenance System,Maintenance Management System,"The Maintenance Management System facilitates the tracking and execution of maintenance activities for equipment. Customers can request maintenance and register new equipment. Technicians schedule and perform maintenance, while the Maintenance Manager oversees maintenance execution. The system also generates reports, potentially extending from maintenance requests when changes are required. The system supports the lifecycle of equipment maintenance from initial registration through scheduled and reactive maintenance, and reporting.",Asset Management | Corrective Maintenance Management | Equipment Maintenance | Preventive Maintenance Scheduling | Reporting and Analytics,association,Technician,actor,Schedule Maintenance,usecase,,Customer | Maintenance Manager | Technician,Customer | Maintenance Manager | Technician,,Generate Report | Perform Maintenance | Register New Equipment | Request Maintenance | Schedule Maintenance,2026-02-26 18:33:52
17,Maintenance Management System,MMS | Maintenance System,Maintenance Management System,"The Maintenance Management System facilitates the tracking and execution of maintenance activities for equipment. Customers can request maintenance and register new equipment. Technicians schedule and perform maintenance, while the Maintenance Manager oversees maintenance execution. The system also generates reports, potentially extending from maintenance requests when changes are required. The system supports the lifecycle of equipment maintenance from initial registration through scheduled and reactive maintenance, and reporting.",Asset Management | Corrective Maintenance Management | Equipment Maintenance | Preventive Maintenance Scheduling | Reporting and Analytics,association,Maintenance Manager,actor,Perform Maintenance,usecase,,Customer | Maintenance Manager | Technician,Customer | Maintenance Manager | Technician,,Generate Report | Perform Maintenance | Register New Equipment | Request Maintenance | Schedule Maintenance,2026-02-26 18:33:52
17,Maintenance Management System,MMS | Maintenance System,Maintenance Management System,"The Maintenance Management System facilitates the tracking and execution of maintenance activities for equipment. Customers can request maintenance and register new equipment. Technicians schedule and perform maintenance, while the Maintenance Manager oversees maintenance execution. The system also generates reports, potentially extending from maintenance requests when changes are required. The system supports the lifecycle of equipment maintenance from initial registration through scheduled and reactive maintenance, and reporting.",Asset Management | Corrective Maintenance Management | Equipment Maintenance | Preventive Maintenance Scheduling | Reporting and Analytics,association,Customer,actor,Register New Equipment,usecase,,Customer | Maintenance Manager | Technician,Customer | Maintenance Manager | Technician,,Generate Report | Perform Maintenance | Register New Equipment | Request Maintenance | Schedule Maintenance,2026-02-26 18:33:52
17,Maintenance Management System,MMS | Maintenance System,Maintenance Management System,"The Maintenance Management System facilitates the tracking and execution of maintenance activities for equipment. Customers can request maintenance and register new equipment. Technicians schedule and perform maintenance, while the Maintenance Manager oversees maintenance execution. The system also generates reports, potentially extending from maintenance requests when changes are required. The system supports the lifecycle of equipment maintenance from initial registration through scheduled and reactive maintenance, and reporting.",Asset Management | Corrective Maintenance Management | Equipment Maintenance | Preventive Maintenance Scheduling | Reporting and Analytics,extend,Generate Report,usecase,Request Maintenance,usecase,When Change is Required,Customer | Maintenance Manager | Technician,Customer | Maintenance Manager | Technician,,Generate Report | Perform Maintenance | Register New Equipment | Request Maintenance | Schedule Maintenance,2026-02-26 18:33:52
17,Maintenance Management System,MMS | Maintenance System,Maintenance Management System,"The Maintenance Management System facilitates the tracking and execution of maintenance activities for equipment. Customers can request maintenance and register new equipment. Technicians schedule and perform maintenance, while the Maintenance Manager oversees maintenance execution. The system also generates reports, potentially extending from maintenance requests when changes are required. The system supports the lifecycle of equipment maintenance from initial registration through scheduled and reactive maintenance, and reporting.",Asset Management | Corrective Maintenance Management | Equipment Maintenance | Preventive Maintenance Scheduling | Reporting and Analytics,include,Register New Equipment,usecase,Request Maintenance,usecase,,Customer | Maintenance Manager | Technician,Customer | Maintenance Manager | Technician,,Generate Report | Perform Maintenance | Register New Equipment | Request Maintenance | Schedule Maintenance,2026-02-26 18:33:52
18,Multi Plant DCS,Multi Plant System | DCS,Multi Plant DCS,"The Multi Plant DCS system manages cooling services across multiple plants, involving interactions with Maintenance Operators, Commercial Users, Residential Users, a general User, and a Controller. The Controller manages chiller sequencing and temperature monitoring, while users are alerted to refrigerant leaks. Maintenance Operators provide maintenance services, which can trigger refrigerant leak alerts. Cooling services include monitoring chilled water temperatures. Commercial and Residential Users are specialized types of Users.",Building Management Systems | Chiller Plant Operations | HVAC Control Systems | Industrial Automation | Refrigerant Management,association,Controller,actor,Control Chiller Sequencing,usecase,,Commercial User | Controller | Maintenance Operator | Residential User | User,Commercial User | Maintenance Operator | Residential User | User,Controller,Alert Refrigerant Leakage | Control Chiller Sequencing | Monitor Chilled Water Temperature | Provide Cooling Service | Provide Maintenance,2026-02-26 18:34:13
18,Multi Plant DCS,Multi Plant System | DCS,Multi Plant DCS,"The Multi Plant DCS system manages cooling services across multiple plants, involving interactions with Maintenance Operators, Commercial Users, Residential Users, a general User, and a Controller. The Controller manages chiller sequencing and temperature monitoring, while users are alerted to refrigerant leaks. Maintenance Operators provide maintenance services, which can trigger refrigerant leak alerts. Cooling services include monitoring chilled water temperatures. Commercial and Residential Users are specialized types of Users.",Building Management Systems | Chiller Plant Operations | HVAC Control Systems | Industrial Automation | Refrigerant Management,association,Controller,actor,Monitor Chilled Water Temperature,usecase,,Commercial User | Controller | Maintenance Operator | Residential User | User,Commercial User | Maintenance Operator | Residential User | User,Controller,Alert Refrigerant Leakage | Control Chiller Sequencing | Monitor Chilled Water Temperature | Provide Cooling Service | Provide Maintenance,2026-02-26 18:34:13
18,Multi Plant DCS,Multi Plant System | DCS,Multi Plant DCS,"The Multi Plant DCS system manages cooling services across multiple plants, involving interactions with Maintenance Operators, Commercial Users, Residential Users, a general User, and a Controller. The Controller manages chiller sequencing and temperature monitoring, while users are alerted to refrigerant leaks. Maintenance Operators provide maintenance services, which can trigger refrigerant leak alerts. Cooling services include monitoring chilled water temperatures. Commercial and Residential Users are specialized types of Users.",Building Management Systems | Chiller Plant Operations | HVAC Control Systems | Industrial Automation | Refrigerant Management,association,Controller,actor,Provide Cooling Service,usecase,,Commercial User | Controller | Maintenance Operator | Residential User | User,Commercial User | Maintenance Operator | Residential User | User,Controller,Alert Refrigerant Leakage | Control Chiller Sequencing | Monitor Chilled Water Temperature | Provide Cooling Service | Provide Maintenance,2026-02-26 18:34:13
18,Multi Plant DCS,Multi Plant System | DCS,Multi Plant DCS,"The Multi Plant DCS system manages cooling services across multiple plants, involving interactions with Maintenance Operators, Commercial Users, Residential Users, a general User, and a Controller. The Controller manages chiller sequencing and temperature monitoring, while users are alerted to refrigerant leaks. Maintenance Operators provide maintenance services, which can trigger refrigerant leak alerts. Cooling services include monitoring chilled water temperatures. Commercial and Residential Users are specialized types of Users.",Building Management Systems | Chiller Plant Operations | HVAC Control Systems | Industrial Automation | Refrigerant Management,association,User,actor,Alert Refrigerant Leakage,usecase,,Commercial User | Controller | Maintenance Operator | Residential User | User,Commercial User | Maintenance Operator | Residential User | User,Controller,Alert Refrigerant Leakage | Control Chiller Sequencing | Monitor Chilled Water Temperature | Provide Cooling Service | Provide Maintenance,2026-02-26 18:34:13
18,Multi Plant DCS,Multi Plant System | DCS,Multi Plant DCS,"The Multi Plant DCS system manages cooling services across multiple plants, involving interactions with Maintenance Operators, Commercial Users, Residential Users, a general User, and a Controller. The Controller manages chiller sequencing and temperature monitoring, while users are alerted to refrigerant leaks. Maintenance Operators provide maintenance services, which can trigger refrigerant leak alerts. Cooling services include monitoring chilled water temperatures. Commercial and Residential Users are specialized types of Users.",Building Management Systems | Chiller Plant Operations | HVAC Control Systems | Industrial Automation | Refrigerant Management,association,Maintenance Operator,actor,Provide Maintenance,usecase,,Commercial User | Controller | Maintenance Operator | Residential User | User,Commercial User | Maintenance Operator | Residential User | User,Controller,Alert Refrigerant Leakage | Control Chiller Sequencing | Monitor Chilled Water Temperature | Provide Cooling Service | Provide Maintenance,2026-02-26 18:34:13
18,Multi Plant DCS,Multi Plant System | DCS,Multi Plant DCS,"The Multi Plant DCS system manages cooling services across multiple plants, involving interactions with Maintenance Operators, Commercial Users, Residential Users, a general User, and a Controller. The Controller manages chiller sequencing and temperature monitoring, while users are alerted to refrigerant leaks. Maintenance Operators provide maintenance services, which can trigger refrigerant leak alerts. Cooling services include monitoring chilled water temperatures. Commercial and Residential Users are specialized types of Users.",Building Management Systems | Chiller Plant Operations | HVAC Control Systems | Industrial Automation | Refrigerant Management,extend,Provide Maintenance,usecase,Alert Refrigerant Leakage,usecase,When Maintenance is Required,Commercial User | Controller | Maintenance Operator | Residential User | User,Commercial User | Maintenance Operator | Residential User | User,Controller,Alert Refrigerant Leakage | Control Chiller Sequencing | Monitor Chilled Water Temperature | Provide Cooling Service | Provide Maintenance,2026-02-26 18:34:13
18,Multi Plant DCS,Multi Plant System | DCS,Multi Plant DCS,"The Multi Plant DCS system manages cooling services across multiple plants, involving interactions with Maintenance Operators, Commercial Users, Residential Users, a general User, and a Controller. The Controller manages chiller sequencing and temperature monitoring, while users are alerted to refrigerant leaks. Maintenance Operators provide maintenance services, which can trigger refrigerant leak alerts. Cooling services include monitoring chilled water temperatures. Commercial and Residential Users are specialized types of Users.",Building Management Systems | Chiller Plant Operations | HVAC Control Systems | Industrial Automation | Refrigerant Management,generalization,Residential User,actor,User,actor,,Commercial User | Controller | Maintenance Operator | Residential User | User,Commercial User | Maintenance Operator | Residential User | User,Controller,Alert Refrigerant Leakage | Control Chiller Sequencing | Monitor Chilled Water Temperature | Provide Cooling Service | Provide Maintenance,2026-02-26 18:34:13
18,Multi Plant DCS,Multi Plant System | DCS,Multi Plant DCS,"The Multi Plant DCS system manages cooling services across multiple plants, involving interactions with Maintenance Operators, Commercial Users, Residential Users, a general User, and a Controller. The Controller manages chiller sequencing and temperature monitoring, while users are alerted to refrigerant leaks. Maintenance Operators provide maintenance services, which can trigger refrigerant leak alerts. Cooling services include monitoring chilled water temperatures. Commercial and Residential Users are specialized types of Users.",Building Management Systems | Chiller Plant Operations | HVAC Control Systems | Industrial Automation | Refrigerant Management,generalization,Commercial User,actor,User,actor,,Commercial User | Controller | Maintenance Operator | Residential User | User,Commercial User | Maintenance Operator | Residential User | User,Controller,Alert Refrigerant Leakage | Control Chiller Sequencing | Monitor Chilled Water Temperature | Provide Cooling Service | Provide Maintenance,2026-02-26 18:34:13
18,Multi Plant DCS,Multi Plant System | DCS,Multi Plant DCS,"The Multi Plant DCS system manages cooling services across multiple plants, involving interactions with Maintenance Operators, Commercial Users, Residential Users, a general User, and a Controller. The Controller manages chiller sequencing and temperature monitoring, while users are alerted to refrigerant leaks. Maintenance Operators provide maintenance services, which can trigger refrigerant leak alerts. Cooling services include monitoring chilled water temperatures. Commercial and Residential Users are specialized types of Users.",Building Management Systems | Chiller Plant Operations | HVAC Control Systems | Industrial Automation | Refrigerant Management,include,Provide Cooling Service,usecase,Monitor Chilled Water Temperature,usecase,,Commercial User | Controller | Maintenance Operator | Residential User | User,Commercial User | Maintenance Operator | Residential User | User,Controller,Alert Refrigerant Leakage | Control Chiller Sequencing | Monitor Chilled Water Temperature | Provide Cooling Service | Provide Maintenance,2026-02-26 18:34:13
18,Multi Plant DCS,Multi Plant System | DCS,Multi Plant DCS,"The Multi Plant DCS system manages cooling services across multiple plants, involving interactions with Maintenance Operators, Commercial Users, Residential Users, a general User, and a Controller. The Controller manages chiller sequencing and temperature monitoring, while users are alerted to refrigerant leaks. Maintenance Operators provide maintenance services, which can trigger refrigerant leak alerts. Cooling services include monitoring chilled water temperatures. Commercial and Residential Users are specialized types of Users.",Building Management Systems | Chiller Plant Operations | HVAC Control Systems | Industrial Automation | Refrigerant Management,include,Monitor Chilled Water Temperature,usecase,Control Chiller Sequencing,usecase,,Commercial User | Controller | Maintenance Operator | Residential User | User,Commercial User | Maintenance Operator | Residential User | User,Controller,Alert Refrigerant Leakage | Control Chiller Sequencing | Monitor Chilled Water Temperature | Provide Cooling Service | Provide Maintenance,2026-02-26 18:34:13
19,Ticket Booking System,Booking System | Ticket System,Ticket Booking System,"The Ticket Booking System facilitates the booking of tours and airline tickets through various stakeholders. Customers can book airline tickets and make payments. Travel agents can also book airline tickets and deliver airline tickets. The tourist company is involved in booking tours, and the airline company participates in the airline ticket booking process. Customers may also pay agent fees.",Airline Ticketing | Customer Service | Payment Processing | Tour Booking | Travel Agency Services,association,Travel Agent,actor,Deliver Airlineticket,usecase,,Airline Company | Customer | Tourist Company | Travel Agent,Airline Company | Customer | Tourist Company | Travel Agent,,Book Airline Ticket | Book Tour | Deliver Airlineticket | Make Payment | Pay Agent Fee,2026-02-26 18:34:27
19,Ticket Booking System,Booking System | Ticket System,Ticket Booking System,"The Ticket Booking System facilitates the booking of tours and airline tickets through various stakeholders. Customers can book airline tickets and make payments. Travel agents can also book airline tickets and deliver airline tickets. The tourist company is involved in booking tours, and the airline company participates in the airline ticket booking process. Customers may also pay agent fees.",Airline Ticketing | Customer Service | Payment Processing | Tour Booking | Travel Agency Services,association,Customer,actor,Book Airline Ticket,usecase,,Airline Company | Customer | Tourist Company | Travel Agent,Airline Company | Customer | Tourist Company | Travel Agent,,Book Airline Ticket | Book Tour | Deliver Airlineticket | Make Payment | Pay Agent Fee,2026-02-26 18:34:27
19,Ticket Booking System,Booking System | Ticket System,Ticket Booking System,"The Ticket Booking System facilitates the booking of tours and airline tickets through various stakeholders. Customers can book airline tickets and make payments. Travel agents can also book airline tickets and deliver airline tickets. The tourist company is involved in booking tours, and the airline company participates in the airline ticket booking process. Customers may also pay agent fees.",Airline Ticketing | Customer Service | Payment Processing | Tour Booking | Travel Agency Services,association,Travel Agent,actor,Book Airline Ticket,usecase,,Airline Company | Customer | Tourist Company | Travel Agent,Airline Company | Customer | Tourist Company | Travel Agent,,Book Airline Ticket | Book Tour | Deliver Airlineticket | Make Payment | Pay Agent Fee,2026-02-26 18:34:27
19,Ticket Booking System,Booking System | Ticket System,Ticket Booking System,"The Ticket Booking System facilitates the booking of tours and airline tickets through various stakeholders. Customers can book airline tickets and make payments. Travel agents can also book airline tickets and deliver airline tickets. The tourist company is involved in booking tours, and the airline company participates in the airline ticket booking process. Customers may also pay agent fees.",Airline Ticketing | Customer Service | Payment Processing | Tour Booking | Travel Agency Services,association,Customer,actor,Make Payment,usecase,,Airline Company | Customer | Tourist Company | Travel Agent,Airline Company | Customer | Tourist Company | Travel Agent,,Book Airline Ticket | Book Tour | Deliver Airlineticket | Make Payment | Pay Agent Fee,2026-02-26 18:34:27
19,Ticket Booking System,Booking System | Ticket System,Ticket Booking System,"The Ticket Booking System facilitates the booking of tours and airline tickets through various stakeholders. Customers can book airline tickets and make payments. Travel agents can also book airline tickets and deliver airline tickets. The tourist company is involved in booking tours, and the airline company participates in the airline ticket booking process. Customers may also pay agent fees.",Airline Ticketing | Customer Service | Payment Processing | Tour Booking | Travel Agency Services,association,Customer,actor,Pay Agent Fee,usecase,,Airline Company | Customer | Tourist Company | Travel Agent,Airline Company | Customer | Tourist Company | Travel Agent,,Book Airline Ticket | Book Tour | Deliver Airlineticket | Make Payment | Pay Agent Fee,2026-02-26 18:34:27
19,Ticket Booking System,Booking System | Ticket System,Ticket Booking System,"The Ticket Booking System facilitates the booking of tours and airline tickets through various stakeholders. Customers can book airline tickets and make payments. Travel agents can also book airline tickets and deliver airline tickets. The tourist company is involved in booking tours, and the airline company participates in the airline ticket booking process. Customers may also pay agent fees.",Airline Ticketing | Customer Service | Payment Processing | Tour Booking | Travel Agency Services,association,Airline Company,actor,Book Airline Ticket,usecase,,Airline Company | Customer | Tourist Company | Travel Agent,Airline Company | Customer | Tourist Company | Travel Agent,,Book Airline Ticket | Book Tour | Deliver Airlineticket | Make Payment | Pay Agent Fee,2026-02-26 18:34:27
19,Ticket Booking System,Booking System | Ticket System,Ticket Booking System,"The Ticket Booking System facilitates the booking of tours and airline tickets through various stakeholders. Customers can book airline tickets and make payments. Travel agents can also book airline tickets and deliver airline tickets. The tourist company is involved in booking tours, and the airline company participates in the airline ticket booking process. Customers may also pay agent fees.",Airline Ticketing | Customer Service | Payment Processing | Tour Booking | Travel Agency Services,association,Book Tour,usecase,Tourist Company,actor,,Airline Company | Customer | Tourist Company | Travel Agent,Airline Company | Customer | Tourist Company | Travel Agent,,Book Airline Ticket | Book Tour | Deliver Airlineticket | Make Payment | Pay Agent Fee,2026-02-26 18:34:27
19,Ticket Booking System,Booking System | Ticket System,Ticket Booking System,"The Ticket Booking System facilitates the booking of tours and airline tickets through various stakeholders. Customers can book airline tickets and make payments. Travel agents can also book airline tickets and deliver airline tickets. The tourist company is involved in booking tours, and the airline company participates in the airline ticket booking process. Customers may also pay agent fees.",Airline Ticketing | Customer Service | Payment Processing | Tour Booking | Travel Agency Services,association,Tourist Company,actor,Deliver Airlineticket,usecase,,Airline Company | Customer | Tourist Company | Travel Agent,Airline Company | Customer | Tourist Company | Travel Agent,,Book Airline Ticket | Book Tour | Deliver Airlineticket | Make Payment | Pay Agent Fee,2026-02-26 18:34:27
20,Bike Management System,Management System | Bike System,Bike Management System,"The Bike Management System facilitates the rental and maintenance of bicycles. Administrators manage bike and customer lists, while Supervisors handle bike issuance and returns. The system supports finding bikes, handling customer inquiries, and generating receipts. The system interacts with Administrators for bike list maintenance and with Supervisors for bike handling operations.",Bike Rental Management | Customer Relationship Management | Inventory Management | Point of Sale | System Administration,association,Supervisor,actor,Handle Bike Return,usecase,,Administrator | Supervisor,Administrator | Supervisor,,Find Bike | Handle Bike Return | Handle Enquiry | Issue Bike | Maintain Bike List | Maintain Customer List | Print Receipt,2026-02-26 18:34:46
20,Bike Management System,Management System | Bike System,Bike Management System,"The Bike Management System facilitates the rental and maintenance of bicycles. Administrators manage bike and customer lists, while Supervisors handle bike issuance and returns. The system supports finding bikes, handling customer inquiries, and generating receipts. The system interacts with Administrators for bike list maintenance and with Supervisors for bike handling operations.",Bike Rental Management | Customer Relationship Management | Inventory Management | Point of Sale | System Administration,association,Administrator,actor,Maintain Bike List,usecase,,Administrator | Supervisor,Administrator | Supervisor,,Find Bike | Handle Bike Return | Handle Enquiry | Issue Bike | Maintain Bike List | Maintain Customer List | Print Receipt,2026-02-26 18:34:46
20,Bike Management System,Management System | Bike System,Bike Management System,"The Bike Management System facilitates the rental and maintenance of bicycles. Administrators manage bike and customer lists, while Supervisors handle bike issuance and returns. The system supports finding bikes, handling customer inquiries, and generating receipts. The system interacts with Administrators for bike list maintenance and with Supervisors for bike handling operations.",Bike Rental Management | Customer Relationship Management | Inventory Management | Point of Sale | System Administration,association,Supervisor,actor,Issue Bike,usecase,,Administrator | Supervisor,Administrator | Supervisor,,Find Bike | Handle Bike Return | Handle Enquiry | Issue Bike | Maintain Bike List | Maintain Customer List | Print Receipt,2026-02-26 18:34:46
20,Bike Management System,Management System | Bike System,Bike Management System,"The Bike Management System facilitates the rental and maintenance of bicycles. Administrators manage bike and customer lists, while Supervisors handle bike issuance and returns. The system supports finding bikes, handling customer inquiries, and generating receipts. The system interacts with Administrators for bike list maintenance and with Supervisors for bike handling operations.",Bike Rental Management | Customer Relationship Management | Inventory Management | Point of Sale | System Administration,include,Issue Bike,usecase,Print Receipt,usecase,,Administrator | Supervisor,Administrator | Supervisor,,Find Bike | Handle Bike Return | Handle Enquiry | Issue Bike | Maintain Bike List | Maintain Customer List | Print Receipt,2026-02-26 18:34:46
20,Bike Management System,Management System | Bike System,Bike Management System,"The Bike Management System facilitates the rental and maintenance of bicycles. Administrators manage bike and customer lists, while Supervisors handle bike issuance and returns. The system supports finding bikes, handling customer inquiries, and generating receipts. The system interacts with Administrators for bike list maintenance and with Supervisors for bike handling operations.",Bike Rental Management | Customer Relationship Management | Inventory Management | Point of Sale | System Administration,include,Issue Bike,usecase,Handle Enquiry,usecase,,Administrator | Supervisor,Administrator | Supervisor,,Find Bike | Handle Bike Return | Handle Enquiry | Issue Bike | Maintain Bike List | Maintain Customer List | Print Receipt,2026-02-26 18:34:46
20,Bike Management System,Management System | Bike System,Bike Management System,"The Bike Management System facilitates the rental and maintenance of bicycles. Administrators manage bike and customer lists, while Supervisors handle bike issuance and returns. The system supports finding bikes, handling customer inquiries, and generating receipts. The system interacts with Administrators for bike list maintenance and with Supervisors for bike handling operations.",Bike Rental Management | Customer Relationship Management | Inventory Management | Point of Sale | System Administration,include,Maintain Customer List,usecase,Find Bike,usecase,,Administrator | Supervisor,Administrator | Supervisor,,Find Bike | Handle Bike Return | Handle Enquiry | Issue Bike | Maintain Bike List | Maintain Customer List | Print Receipt,2026-02-26 18:34:46
20,Bike Management System,Management System | Bike System,Bike Management System,"The Bike Management System facilitates the rental and maintenance of bicycles. Administrators manage bike and customer lists, while Supervisors handle bike issuance and returns. The system supports finding bikes, handling customer inquiries, and generating receipts. The system interacts with Administrators for bike list maintenance and with Supervisors for bike handling operations.",Bike Rental Management | Customer Relationship Management | Inventory Management | Point of Sale | System Administration,include,Maintain Bike List,usecase,Maintain Customer List,usecase,,Administrator | Supervisor,Administrator | Supervisor,,Find Bike | Handle Bike Return | Handle Enquiry | Issue Bike | Maintain Bike List | Maintain Customer List | Print Receipt,2026-02-26 18:34:46
21,Restaurant,Food Service | Dining Facility,Restaurant,"The Restaurant system facilitates the ordering, preparation, serving, and payment for food. Clients order food through a Waiter, which initiates the cooking process by the Chef. Once cooked, the Waiter serves the food, and the Client pays the bill through the Cashier. Serving food always includes paying the bill, cooking food always includes serving food, and ordering food always includes cooking food.",Culinary Operations | Food Service | Order Processing | Point of Sale (POS) | Restaurant Management,association,Cashier,actor,Pay Bill,usecase,,Cashier | Chef | Client | Waiter,Cashier | Chef | Client | Waiter,,Cook Food | Order Food | Pay Bill | Serve Food,2026-02-26 18:35:03
21,Restaurant,Food Service | Dining Facility,Restaurant,"The Restaurant system facilitates the ordering, preparation, serving, and payment for food. Clients order food through a Waiter, which initiates the cooking process by the Chef. Once cooked, the Waiter serves the food, and the Client pays the bill through the Cashier. Serving food always includes paying the bill, cooking food always includes serving food, and ordering food always includes cooking food.",Culinary Operations | Food Service | Order Processing | Point of Sale (POS) | Restaurant Management,association,Chef,actor,Cook Food,usecase,,Cashier | Chef | Client | Waiter,Cashier | Chef | Client | Waiter,,Cook Food | Order Food | Pay Bill | Serve Food,2026-02-26 18:35:03
21,Restaurant,Food Service | Dining Facility,Restaurant,"The Restaurant system facilitates the ordering, preparation, serving, and payment for food. Clients order food through a Waiter, which initiates the cooking process by the Chef. Once cooked, the Waiter serves the food, and the Client pays the bill through the Cashier. Serving food always includes paying the bill, cooking food always includes serving food, and ordering food always includes cooking food.",Culinary Operations | Food Service | Order Processing | Point of Sale (POS) | Restaurant Management,association,Client,actor,Order Food,usecase,,Cashier | Chef | Client | Waiter,Cashier | Chef | Client | Waiter,,Cook Food | Order Food | Pay Bill | Serve Food,2026-02-26 18:35:03
21,Restaurant,Food Service | Dining Facility,Restaurant,"The Restaurant system facilitates the ordering, preparation, serving, and payment for food. Clients order food through a Waiter, which initiates the cooking process by the Chef. Once cooked, the Waiter serves the food, and the Client pays the bill through the Cashier. Serving food always includes paying the bill, cooking food always includes serving food, and ordering food always includes cooking food.",Culinary Operations | Food Service | Order Processing | Point of Sale (POS) | Restaurant Management,association,Client,actor,Pay Bill,usecase,,Cashier | Chef | Client | Waiter,Cashier | Chef | Client | Waiter,,Cook Food | Order Food | Pay Bill | Serve Food,2026-02-26 18:35:03
21,Restaurant,Food Service | Dining Facility,Restaurant,"The Restaurant system facilitates the ordering, preparation, serving, and payment for food. Clients order food through a Waiter, which initiates the cooking process by the Chef. Once cooked, the Waiter serves the food, and the Client pays the bill through the Cashier. Serving food always includes paying the bill, cooking food always includes serving food, and ordering food always includes cooking food.",Culinary Operations | Food Service | Order Processing | Point of Sale (POS) | Restaurant Management,association,Waiter,actor,Serve Food,usecase,,Cashier | Chef | Client | Waiter,Cashier | Chef | Client | Waiter,,Cook Food | Order Food | Pay Bill | Serve Food,2026-02-26 18:35:03
21,Restaurant,Food Service | Dining Facility,Restaurant,"The Restaurant system facilitates the ordering, preparation, serving, and payment for food. Clients order food through a Waiter, which initiates the cooking process by the Chef. Once cooked, the Waiter serves the food, and the Client pays the bill through the Cashier. Serving food always includes paying the bill, cooking food always includes serving food, and ordering food always includes cooking food.",Culinary Operations | Food Service | Order Processing | Point of Sale (POS) | Restaurant Management,association,Waiter,actor,Order Food,usecase,,Cashier | Chef | Client | Waiter,Cashier | Chef | Client | Waiter,,Cook Food | Order Food | Pay Bill | Serve Food,2026-02-26 18:35:03
21,Restaurant,Food Service | Dining Facility,Restaurant,"The Restaurant system facilitates the ordering, preparation, serving, and payment for food. Clients order food through a Waiter, which initiates the cooking process by the Chef. Once cooked, the Waiter serves the food, and the Client pays the bill through the Cashier. Serving food always includes paying the bill, cooking food always includes serving food, and ordering food always includes cooking food.",Culinary Operations | Food Service | Order Processing | Point of Sale (POS) | Restaurant Management,include,Serve Food,usecase,Pay Bill,usecase,,Cashier | Chef | Client | Waiter,Cashier | Chef | Client | Waiter,,Cook Food | Order Food | Pay Bill | Serve Food,2026-02-26 18:35:03
21,Restaurant,Food Service | Dining Facility,Restaurant,"The Restaurant system facilitates the ordering, preparation, serving, and payment for food. Clients order food through a Waiter, which initiates the cooking process by the Chef. Once cooked, the Waiter serves the food, and the Client pays the bill through the Cashier. Serving food always includes paying the bill, cooking food always includes serving food, and ordering food always includes cooking food.",Culinary Operations | Food Service | Order Processing | Point of Sale (POS) | Restaurant Management,include,Cook Food,usecase,Serve Food,usecase,,Cashier | Chef | Client | Waiter,Cashier | Chef | Client | Waiter,,Cook Food | Order Food | Pay Bill | Serve Food,2026-02-26 18:35:03
21,Restaurant,Food Service | Dining Facility,Restaurant,"The Restaurant system facilitates the ordering, preparation, serving, and payment for food. Clients order food through a Waiter, which initiates the cooking process by the Chef. Once cooked, the Waiter serves the food, and the Client pays the bill through the Cashier. Serving food always includes paying the bill, cooking food always includes serving food, and ordering food always includes cooking food.",Culinary Operations | Food Service | Order Processing | Point of Sale (POS) | Restaurant Management,include,Order Food,usecase,Cook Food,usecase,,Cashier | Chef | Client | Waiter,Cashier | Chef | Client | Waiter,,Cook Food | Order Food | Pay Bill | Serve Food,2026-02-26 18:35:03
22,School Management System,Management System | School System,School Management System,"The School Management System facilitates interactions between Administrators, Students, and Teachers to manage school-related information, enrollment, examinations, attendance, and reporting. Administrators add and edit information, prepare report cards, and oversee the system. Students fill admission forms and write exams. Teachers prepare and evaluate exams, and mark attendance.",Academic Reporting | Attendance Tracking | Education Management | Examination Management | Student Information Systems,association,Administrator,actor,Add Information,usecase,,Administrator | Student | Teacher,Administrator | Student | Teacher,,Add Information | Complete Enrolment | Declare Result | Edit Information | Evaluate Exam Paper | Fill Admission Form | Mark Attendance | Prepare Exam Paper | Prepare Report Card | Write Exam,2026-02-26 18:35:26
22,School Management System,Management System | School System,School Management System,"The School Management System facilitates interactions between Administrators, Students, and Teachers to manage school-related information, enrollment, examinations, attendance, and reporting. Administrators add and edit information, prepare report cards, and oversee the system. Students fill admission forms and write exams. Teachers prepare and evaluate exams, and mark attendance.",Academic Reporting | Attendance Tracking | Education Management | Examination Management | Student Information Systems,association,Student,actor,Fill Admission Form,usecase,,Administrator | Student | Teacher,Administrator | Student | Teacher,,Add Information | Complete Enrolment | Declare Result | Edit Information | Evaluate Exam Paper | Fill Admission Form | Mark Attendance | Prepare Exam Paper | Prepare Report Card | Write Exam,2026-02-26 18:35:26
22,School Management System,Management System | School System,School Management System,"The School Management System facilitates interactions between Administrators, Students, and Teachers to manage school-related information, enrollment, examinations, attendance, and reporting. Administrators add and edit information, prepare report cards, and oversee the system. Students fill admission forms and write exams. Teachers prepare and evaluate exams, and mark attendance.",Academic Reporting | Attendance Tracking | Education Management | Examination Management | Student Information Systems,association,Teacher,actor,Mark Attendance,usecase,,Administrator | Student | Teacher,Administrator | Student | Teacher,,Add Information | Complete Enrolment | Declare Result | Edit Information | Evaluate Exam Paper | Fill Admission Form | Mark Attendance | Prepare Exam Paper | Prepare Report Card | Write Exam,2026-02-26 18:35:26
22,School Management System,Management System | School System,School Management System,"The School Management System facilitates interactions between Administrators, Students, and Teachers to manage school-related information, enrollment, examinations, attendance, and reporting. Administrators add and edit information, prepare report cards, and oversee the system. Students fill admission forms and write exams. Teachers prepare and evaluate exams, and mark attendance.",Academic Reporting | Attendance Tracking | Education Management | Examination Management | Student Information Systems,association,Administrator,actor,Prepare Report Card,usecase,,Administrator | Student | Teacher,Administrator | Student | Teacher,,Add Information | Complete Enrolment | Declare Result | Edit Information | Evaluate Exam Paper | Fill Admission Form | Mark Attendance | Prepare Exam Paper | Prepare Report Card | Write Exam,2026-02-26 18:35:26
22,School Management System,Management System | School System,School Management System,"The School Management System facilitates interactions between Administrators, Students, and Teachers to manage school-related information, enrollment, examinations, attendance, and reporting. Administrators add and edit information, prepare report cards, and oversee the system. Students fill admission forms and write exams. Teachers prepare and evaluate exams, and mark attendance.",Academic Reporting | Attendance Tracking | Education Management | Examination Management | Student Information Systems,association,Teacher,actor,Prepare Exam Paper,usecase,,Administrator | Student | Teacher,Administrator | Student | Teacher,,Add Information | Complete Enrolment | Declare Result | Edit Information | Evaluate Exam Paper | Fill Admission Form | Mark Attendance | Prepare Exam Paper | Prepare Report Card | Write Exam,2026-02-26 18:35:26
22,School Management System,Management System | School System,School Management System,"The School Management System facilitates interactions between Administrators, Students, and Teachers to manage school-related information, enrollment, examinations, attendance, and reporting. Administrators add and edit information, prepare report cards, and oversee the system. Students fill admission forms and write exams. Teachers prepare and evaluate exams, and mark attendance.",Academic Reporting | Attendance Tracking | Education Management | Examination Management | Student Information Systems,extend,Edit Information,usecase,Add Information,usecase,When  Information needs to be edited,Administrator | Student | Teacher,Administrator | Student | Teacher,,Add Information | Complete Enrolment | Declare Result | Edit Information | Evaluate Exam Paper | Fill Admission Form | Mark Attendance | Prepare Exam Paper | Prepare Report Card | Write Exam,2026-02-26 18:35:26
22,School Management System,Management System | School System,School Management System,"The School Management System facilitates interactions between Administrators, Students, and Teachers to manage school-related information, enrollment, examinations, attendance, and reporting. Administrators add and edit information, prepare report cards, and oversee the system. Students fill admission forms and write exams. Teachers prepare and evaluate exams, and mark attendance.",Academic Reporting | Attendance Tracking | Education Management | Examination Management | Student Information Systems,include,Prepare Exam Paper,usecase,Evaluate Exam Paper,usecase,,Administrator | Student | Teacher,Administrator | Student | Teacher,,Add Information | Complete Enrolment | Declare Result | Edit Information | Evaluate Exam Paper | Fill Admission Form | Mark Attendance | Prepare Exam Paper | Prepare Report Card | Write Exam,2026-02-26 18:35:26
22,School Management System,Management System | School System,School Management System,"The School Management System facilitates interactions between Administrators, Students, and Teachers to manage school-related information, enrollment, examinations, attendance, and reporting. Administrators add and edit information, prepare report cards, and oversee the system. Students fill admission forms and write exams. Teachers prepare and evaluate exams, and mark attendance.",Academic Reporting | Attendance Tracking | Education Management | Examination Management | Student Information Systems,include,Complete Enrolment,usecase,Write Exam,usecase,,Administrator | Student | Teacher,Administrator | Student | Teacher,,Add Information | Complete Enrolment | Declare Result | Edit Information | Evaluate Exam Paper | Fill Admission Form | Mark Attendance | Prepare Exam Paper | Prepare Report Card | Write Exam,2026-02-26 18:35:26
22,School Management System,Management System | School System,School Management System,"The School Management System facilitates interactions between Administrators, Students, and Teachers to manage school-related information, enrollment, examinations, attendance, and reporting. Administrators add and edit information, prepare report cards, and oversee the system. Students fill admission forms and write exams. Teachers prepare and evaluate exams, and mark attendance.",Academic Reporting | Attendance Tracking | Education Management | Examination Management | Student Information Systems,include,Fill Admission Form,usecase,Complete Enrolment,usecase,,Administrator | Student | Teacher,Administrator | Student | Teacher,,Add Information | Complete Enrolment | Declare Result | Edit Information | Evaluate Exam Paper | Fill Admission Form | Mark Attendance | Prepare Exam Paper | Prepare Report Card | Write Exam,2026-02-26 18:35:26
22,School Management System,Management System | School System,School Management System,"The School Management System facilitates interactions between Administrators, Students, and Teachers to manage school-related information, enrollment, examinations, attendance, and reporting. Administrators add and edit information, prepare report cards, and oversee the system. Students fill admission forms and write exams. Teachers prepare and evaluate exams, and mark attendance.",Academic Reporting | Attendance Tracking | Education Management | Examination Management | Student Information Systems,include,Evaluate Exam Paper,usecase,Declare Result,usecase,,Administrator | Student | Teacher,Administrator | Student | Teacher,,Add Information | Complete Enrolment | Declare Result | Edit Information | Evaluate Exam Paper | Fill Admission Form | Mark Attendance | Prepare Exam Paper | Prepare Report Card | Write Exam,2026-02-26 18:35:26
23,Online Learning System,Online Platform | Learning System,Online Learning System,"The Online Learning System facilitates user registration, account management, access to learning materials, and interaction with service providers. Users can access courses, study materials, and quizzes, while service providers manage user registration and account verification. The system supports profile editing, including password changes, and provides access to FAQs and contact details.",Content Delivery | Course Catalog | E-Learning | User Account Management | User Support,association,Service Provider,actor,Register User,usecase,,Service Provider | User,Service Provider | User,,Access Account | Access Quiz | Access Study Material | Change Password | Edit Profile | Register User | Update Account | Verify Account | View Contact Detail | View Course List | View Faq,2026-02-26 18:35:51
23,Online Learning System,Online Platform | Learning System,Online Learning System,"The Online Learning System facilitates user registration, account management, access to learning materials, and interaction with service providers. Users can access courses, study materials, and quizzes, while service providers manage user registration and account verification. The system supports profile editing, including password changes, and provides access to FAQs and contact details.",Content Delivery | Course Catalog | E-Learning | User Account Management | User Support,association,Service Provider,actor,Verify Account,usecase,,Service Provider | User,Service Provider | User,,Access Account | Access Quiz | Access Study Material | Change Password | Edit Profile | Register User | Update Account | Verify Account | View Contact Detail | View Course List | View Faq,2026-02-26 18:35:51
23,Online Learning System,Online Platform | Learning System,Online Learning System,"The Online Learning System facilitates user registration, account management, access to learning materials, and interaction with service providers. Users can access courses, study materials, and quizzes, while service providers manage user registration and account verification. The system supports profile editing, including password changes, and provides access to FAQs and contact details.",Content Delivery | Course Catalog | E-Learning | User Account Management | User Support,association,User,actor,Access Study Material,usecase,,Service Provider | User,Service Provider | User,,Access Account | Access Quiz | Access Study Material | Change Password | Edit Profile | Register User | Update Account | Verify Account | View Contact Detail | View Course List | View Faq,2026-02-26 18:35:51
23,Online Learning System,Online Platform | Learning System,Online Learning System,"The Online Learning System facilitates user registration, account management, access to learning materials, and interaction with service providers. Users can access courses, study materials, and quizzes, while service providers manage user registration and account verification. The system supports profile editing, including password changes, and provides access to FAQs and contact details.",Content Delivery | Course Catalog | E-Learning | User Account Management | User Support,association,User,actor,Edit Profile,usecase,,Service Provider | User,Service Provider | User,,Access Account | Access Quiz | Access Study Material | Change Password | Edit Profile | Register User | Update Account | Verify Account | View Contact Detail | View Course List | View Faq,2026-02-26 18:35:51
23,Online Learning System,Online Platform | Learning System,Online Learning System,"The Online Learning System facilitates user registration, account management, access to learning materials, and interaction with service providers. Users can access courses, study materials, and quizzes, while service providers manage user registration and account verification. The system supports profile editing, including password changes, and provides access to FAQs and contact details.",Content Delivery | Course Catalog | E-Learning | User Account Management | User Support,association,User,actor,View Contact Detail,usecase,,Service Provider | User,Service Provider | User,,Access Account | Access Quiz | Access Study Material | Change Password | Edit Profile | Register User | Update Account | Verify Account | View Contact Detail | View Course List | View Faq,2026-02-26 18:35:51
23,Online Learning System,Online Platform | Learning System,Online Learning System,"The Online Learning System facilitates user registration, account management, access to learning materials, and interaction with service providers. Users can access courses, study materials, and quizzes, while service providers manage user registration and account verification. The system supports profile editing, including password changes, and provides access to FAQs and contact details.",Content Delivery | Course Catalog | E-Learning | User Account Management | User Support,association,User,actor,View Faq,usecase,,Service Provider | User,Service Provider | User,,Access Account | Access Quiz | Access Study Material | Change Password | Edit Profile | Register User | Update Account | Verify Account | View Contact Detail | View Course List | View Faq,2026-02-26 18:35:51
23,Online Learning System,Online Platform | Learning System,Online Learning System,"The Online Learning System facilitates user registration, account management, access to learning materials, and interaction with service providers. Users can access courses, study materials, and quizzes, while service providers manage user registration and account verification. The system supports profile editing, including password changes, and provides access to FAQs and contact details.",Content Delivery | Course Catalog | E-Learning | User Account Management | User Support,association,User,actor,View Course List,usecase,,Service Provider | User,Service Provider | User,,Access Account | Access Quiz | Access Study Material | Change Password | Edit Profile | Register User | Update Account | Verify Account | View Contact Detail | View Course List | View Faq,2026-02-26 18:35:51
23,Online Learning System,Online Platform | Learning System,Online Learning System,"The Online Learning System facilitates user registration, account management, access to learning materials, and interaction with service providers. Users can access courses, study materials, and quizzes, while service providers manage user registration and account verification. The system supports profile editing, including password changes, and provides access to FAQs and contact details.",Content Delivery | Course Catalog | E-Learning | User Account Management | User Support,association,User,actor,Access Account,usecase,,Service Provider | User,Service Provider | User,,Access Account | Access Quiz | Access Study Material | Change Password | Edit Profile | Register User | Update Account | Verify Account | View Contact Detail | View Course List | View Faq,2026-02-26 18:35:51
23,Online Learning System,Online Platform | Learning System,Online Learning System,"The Online Learning System facilitates user registration, account management, access to learning materials, and interaction with service providers. Users can access courses, study materials, and quizzes, while service providers manage user registration and account verification. The system supports profile editing, including password changes, and provides access to FAQs and contact details.",Content Delivery | Course Catalog | E-Learning | User Account Management | User Support,extend,Access Quiz,usecase,Access Study Material,usecase,When Quiz Module is Required,Service Provider | User,Service Provider | User,,Access Account | Access Quiz | Access Study Material | Change Password | Edit Profile | Register User | Update Account | Verify Account | View Contact Detail | View Course List | View Faq,2026-02-26 18:35:51
23,Online Learning System,Online Platform | Learning System,Online Learning System,"The Online Learning System facilitates user registration, account management, access to learning materials, and interaction with service providers. Users can access courses, study materials, and quizzes, while service providers manage user registration and account verification. The system supports profile editing, including password changes, and provides access to FAQs and contact details.",Content Delivery | Course Catalog | E-Learning | User Account Management | User Support,extend,Change Password,usecase,Edit Profile,usecase,When password needs to be changed,Service Provider | User,Service Provider | User,,Access Account | Access Quiz | Access Study Material | Change Password | Edit Profile | Register User | Update Account | Verify Account | View Contact Detail | View Course List | View Faq,2026-02-26 18:35:51
23,Online Learning System,Online Platform | Learning System,Online Learning System,"The Online Learning System facilitates user registration, account management, access to learning materials, and interaction with service providers. Users can access courses, study materials, and quizzes, while service providers manage user registration and account verification. The system supports profile editing, including password changes, and provides access to FAQs and contact details.",Content Delivery | Course Catalog | E-Learning | User Account Management | User Support,include,Edit Profile,usecase,Update Account,usecase,,Service Provider | User,Service Provider | User,,Access Account | Access Quiz | Access Study Material | Change Password | Edit Profile | Register User | Update Account | Verify Account | View Contact Detail | View Course List | View Faq,2026-02-26 18:35:51
24,Order_Management_System,Order System | Management System,Order_Management_System,"The Order Management System facilitates the ordering, checking, and segregation of parts. The Purchasing Manager initiates orders, checks permissions, and orders parts. The Warehouse Manager segregates orders, views orders, checks parts, and registers parts. The system extends the 'Order Part' use case with a 'Check Part' function when parts are unavailable.",Inventory Control | Order Processing | Procurement | Supply Chain Management | Warehouse Operations,association,Warehouse Manager,actor,Segregate Order,usecase,,Purchasing Manager | Warehouse Manager,Purchasing Manager | Warehouse Manager,,Check Part | Check Permission | Order Part | Place Order | Register Part | See Order | Segregate Order,2026-02-26 18:36:12
24,Order_Management_System,Order System | Management System,Order_Management_System,"The Order Management System facilitates the ordering, checking, and segregation of parts. The Purchasing Manager initiates orders, checks permissions, and orders parts. The Warehouse Manager segregates orders, views orders, checks parts, and registers parts. The system extends the 'Order Part' use case with a 'Check Part' function when parts are unavailable.",Inventory Control | Order Processing | Procurement | Supply Chain Management | Warehouse Operations,association,Purchasing Manager,actor,Check Permission,usecase,,Purchasing Manager | Warehouse Manager,Purchasing Manager | Warehouse Manager,,Check Part | Check Permission | Order Part | Place Order | Register Part | See Order | Segregate Order,2026-02-26 18:36:12
24,Order_Management_System,Order System | Management System,Order_Management_System,"The Order Management System facilitates the ordering, checking, and segregation of parts. The Purchasing Manager initiates orders, checks permissions, and orders parts. The Warehouse Manager segregates orders, views orders, checks parts, and registers parts. The system extends the 'Order Part' use case with a 'Check Part' function when parts are unavailable.",Inventory Control | Order Processing | Procurement | Supply Chain Management | Warehouse Operations,association,Purchasing Manager,actor,Place Order,usecase,,Purchasing Manager | Warehouse Manager,Purchasing Manager | Warehouse Manager,,Check Part | Check Permission | Order Part | Place Order | Register Part | See Order | Segregate Order,2026-02-26 18:36:12
24,Order_Management_System,Order System | Management System,Order_Management_System,"The Order Management System facilitates the ordering, checking, and segregation of parts. The Purchasing Manager initiates orders, checks permissions, and orders parts. The Warehouse Manager segregates orders, views orders, checks parts, and registers parts. The system extends the 'Order Part' use case with a 'Check Part' function when parts are unavailable.",Inventory Control | Order Processing | Procurement | Supply Chain Management | Warehouse Operations,association,Purchasing Manager,actor,Order Part,usecase,,Purchasing Manager | Warehouse Manager,Purchasing Manager | Warehouse Manager,,Check Part | Check Permission | Order Part | Place Order | Register Part | See Order | Segregate Order,2026-02-26 18:36:12
24,Order_Management_System,Order System | Management System,Order_Management_System,"The Order Management System facilitates the ordering, checking, and segregation of parts. The Purchasing Manager initiates orders, checks permissions, and orders parts. The Warehouse Manager segregates orders, views orders, checks parts, and registers parts. The system extends the 'Order Part' use case with a 'Check Part' function when parts are unavailable.",Inventory Control | Order Processing | Procurement | Supply Chain Management | Warehouse Operations,association,Warehouse Manager,actor,See Order,usecase,,Purchasing Manager | Warehouse Manager,Purchasing Manager | Warehouse Manager,,Check Part | Check Permission | Order Part | Place Order | Register Part | See Order | Segregate Order,2026-02-26 18:36:12
24,Order_Management_System,Order System | Management System,Order_Management_System,"The Order Management System facilitates the ordering, checking, and segregation of parts. The Purchasing Manager initiates orders, checks permissions, and orders parts. The Warehouse Manager segregates orders, views orders, checks parts, and registers parts. The system extends the 'Order Part' use case with a 'Check Part' function when parts are unavailable.",Inventory Control | Order Processing | Procurement | Supply Chain Management | Warehouse Operations,association,Warehouse Manager,actor,Check Part,usecase,,Purchasing Manager | Warehouse Manager,Purchasing Manager | Warehouse Manager,,Check Part | Check Permission | Order Part | Place Order | Register Part | See Order | Segregate Order,2026-02-26 18:36:12
24,Order_Management_System,Order System | Management System,Order_Management_System,"The Order Management System facilitates the ordering, checking, and segregation of parts. The Purchasing Manager initiates orders, checks permissions, and orders parts. The Warehouse Manager segregates orders, views orders, checks parts, and registers parts. The system extends the 'Order Part' use case with a 'Check Part' function when parts are unavailable.",Inventory Control | Order Processing | Procurement | Supply Chain Management | Warehouse Operations,association,Warehouse Manager,actor,Register Part,usecase,,Purchasing Manager | Warehouse Manager,Purchasing Manager | Warehouse Manager,,Check Part | Check Permission | Order Part | Place Order | Register Part | See Order | Segregate Order,2026-02-26 18:36:12
24,Order_Management_System,Order System | Management System,Order_Management_System,"The Order Management System facilitates the ordering, checking, and segregation of parts. The Purchasing Manager initiates orders, checks permissions, and orders parts. The Warehouse Manager segregates orders, views orders, checks parts, and registers parts. The system extends the 'Order Part' use case with a 'Check Part' function when parts are unavailable.",Inventory Control | Order Processing | Procurement | Supply Chain Management | Warehouse Operations,extend,Order Part,usecase,Check Part,usecase,When There are No Parts,Purchasing Manager | Warehouse Manager,Purchasing Manager | Warehouse Manager,,Check Part | Check Permission | Order Part | Place Order | Register Part | See Order | Segregate Order,2026-02-26 18:36:12
25,Coffin Escape System,Escape System | Coffin System,Coffin Escape System,"The Coffin Escape System facilitates a stunt performance where an Escape Artist attempts to escape from a coffin. The system involves a Coffin Maker who ensures the coffin's quality, a Safety Officer and the Escape Artist who collaborate to minimize risks, and an Audience whose excitement is a key consideration. Computer control can be optionally enabled to assist with fluid pumping during the stunt. The system relies on pumping fluids and ensuring sufficient air within the coffin for the stunt to be performed.",Audience Engagement | Coffin Manufacturing | Risk Management | Safety Systems | Stunt Performance,association,Coffin Maker,actor,Ensure Coffin Quality,usecase,,Audience | Coffin Maker | Escape Artist | Safety Officer,Audience | Coffin Maker | Escape Artist | Safety Officer,,Allow Stunt Fluid | Enable Computer Control System | Ensure Coffin Quality | Ensure Sufficient Air | Maximize Excitement | Minimize Risk | Perform Stunt | Pump Fluid,2026-02-26 18:36:36
25,Coffin Escape System,Escape System | Coffin System,Coffin Escape System,"The Coffin Escape System facilitates a stunt performance where an Escape Artist attempts to escape from a coffin. The system involves a Coffin Maker who ensures the coffin's quality, a Safety Officer and the Escape Artist who collaborate to minimize risks, and an Audience whose excitement is a key consideration. Computer control can be optionally enabled to assist with fluid pumping during the stunt. The system relies on pumping fluids and ensuring sufficient air within the coffin for the stunt to be performed.",Audience Engagement | Coffin Manufacturing | Risk Management | Safety Systems | Stunt Performance,association,Audience,actor,Maximize Excitement,usecase,,Audience | Coffin Maker | Escape Artist | Safety Officer,Audience | Coffin Maker | Escape Artist | Safety Officer,,Allow Stunt Fluid | Enable Computer Control System | Ensure Coffin Quality | Ensure Sufficient Air | Maximize Excitement | Minimize Risk | Perform Stunt | Pump Fluid,2026-02-26 18:36:36
25,Coffin Escape System,Escape System | Coffin System,Coffin Escape System,"The Coffin Escape System facilitates a stunt performance where an Escape Artist attempts to escape from a coffin. The system involves a Coffin Maker who ensures the coffin's quality, a Safety Officer and the Escape Artist who collaborate to minimize risks, and an Audience whose excitement is a key consideration. Computer control can be optionally enabled to assist with fluid pumping during the stunt. The system relies on pumping fluids and ensuring sufficient air within the coffin for the stunt to be performed.",Audience Engagement | Coffin Manufacturing | Risk Management | Safety Systems | Stunt Performance,association,Escape Artist,actor,Minimize Risk,usecase,,Audience | Coffin Maker | Escape Artist | Safety Officer,Audience | Coffin Maker | Escape Artist | Safety Officer,,Allow Stunt Fluid | Enable Computer Control System | Ensure Coffin Quality | Ensure Sufficient Air | Maximize Excitement | Minimize Risk | Perform Stunt | Pump Fluid,2026-02-26 18:36:36
25,Coffin Escape System,Escape System | Coffin System,Coffin Escape System,"The Coffin Escape System facilitates a stunt performance where an Escape Artist attempts to escape from a coffin. The system involves a Coffin Maker who ensures the coffin's quality, a Safety Officer and the Escape Artist who collaborate to minimize risks, and an Audience whose excitement is a key consideration. Computer control can be optionally enabled to assist with fluid pumping during the stunt. The system relies on pumping fluids and ensuring sufficient air within the coffin for the stunt to be performed.",Audience Engagement | Coffin Manufacturing | Risk Management | Safety Systems | Stunt Performance,association,Safety Officer,actor,Minimize Risk,usecase,,Audience | Coffin Maker | Escape Artist | Safety Officer,Audience | Coffin Maker | Escape Artist | Safety Officer,,Allow Stunt Fluid | Enable Computer Control System | Ensure Coffin Quality | Ensure Sufficient Air | Maximize Excitement | Minimize Risk | Perform Stunt | Pump Fluid,2026-02-26 18:36:36
25,Coffin Escape System,Escape System | Coffin System,Coffin Escape System,"The Coffin Escape System facilitates a stunt performance where an Escape Artist attempts to escape from a coffin. The system involves a Coffin Maker who ensures the coffin's quality, a Safety Officer and the Escape Artist who collaborate to minimize risks, and an Audience whose excitement is a key consideration. Computer control can be optionally enabled to assist with fluid pumping during the stunt. The system relies on pumping fluids and ensuring sufficient air within the coffin for the stunt to be performed.",Audience Engagement | Coffin Manufacturing | Risk Management | Safety Systems | Stunt Performance,association,Escape Artist,actor,Perform Stunt,usecase,,Audience | Coffin Maker | Escape Artist | Safety Officer,Audience | Coffin Maker | Escape Artist | Safety Officer,,Allow Stunt Fluid | Enable Computer Control System | Ensure Coffin Quality | Ensure Sufficient Air | Maximize Excitement | Minimize Risk | Perform Stunt | Pump Fluid,2026-02-26 18:36:36
25,Coffin Escape System,Escape System | Coffin System,Coffin Escape System,"The Coffin Escape System facilitates a stunt performance where an Escape Artist attempts to escape from a coffin. The system involves a Coffin Maker who ensures the coffin's quality, a Safety Officer and the Escape Artist who collaborate to minimize risks, and an Audience whose excitement is a key consideration. Computer control can be optionally enabled to assist with fluid pumping during the stunt. The system relies on pumping fluids and ensuring sufficient air within the coffin for the stunt to be performed.",Audience Engagement | Coffin Manufacturing | Risk Management | Safety Systems | Stunt Performance,extend,Enable Computer Control System,usecase,Pump Fluid,usecase,When Computer Control is Required,Audience | Coffin Maker | Escape Artist | Safety Officer,Audience | Coffin Maker | Escape Artist | Safety Officer,,Allow Stunt Fluid | Enable Computer Control System | Ensure Coffin Quality | Ensure Sufficient Air | Maximize Excitement | Minimize Risk | Perform Stunt | Pump Fluid,2026-02-26 18:36:36
25,Coffin Escape System,Escape System | Coffin System,Coffin Escape System,"The Coffin Escape System facilitates a stunt performance where an Escape Artist attempts to escape from a coffin. The system involves a Coffin Maker who ensures the coffin's quality, a Safety Officer and the Escape Artist who collaborate to minimize risks, and an Audience whose excitement is a key consideration. Computer control can be optionally enabled to assist with fluid pumping during the stunt. The system relies on pumping fluids and ensuring sufficient air within the coffin for the stunt to be performed.",Audience Engagement | Coffin Manufacturing | Risk Management | Safety Systems | Stunt Performance,include,Perform Stunt,usecase,Pump Fluid,usecase,,Audience | Coffin Maker | Escape Artist | Safety Officer,Audience | Coffin Maker | Escape Artist | Safety Officer,,Allow Stunt Fluid | Enable Computer Control System | Ensure Coffin Quality | Ensure Sufficient Air | Maximize Excitement | Minimize Risk | Perform Stunt | Pump Fluid,2026-02-26 18:36:36
25,Coffin Escape System,Escape System | Coffin System,Coffin Escape System,"The Coffin Escape System facilitates a stunt performance where an Escape Artist attempts to escape from a coffin. The system involves a Coffin Maker who ensures the coffin's quality, a Safety Officer and the Escape Artist who collaborate to minimize risks, and an Audience whose excitement is a key consideration. Computer control can be optionally enabled to assist with fluid pumping during the stunt. The system relies on pumping fluids and ensuring sufficient air within the coffin for the stunt to be performed.",Audience Engagement | Coffin Manufacturing | Risk Management | Safety Systems | Stunt Performance,include,Perform Stunt,usecase,Allow Stunt Fluid,usecase,,Audience | Coffin Maker | Escape Artist | Safety Officer,Audience | Coffin Maker | Escape Artist | Safety Officer,,Allow Stunt Fluid | Enable Computer Control System | Ensure Coffin Quality | Ensure Sufficient Air | Maximize Excitement | Minimize Risk | Perform Stunt | Pump Fluid,2026-02-26 18:36:36
25,Coffin Escape System,Escape System | Coffin System,Coffin Escape System,"The Coffin Escape System facilitates a stunt performance where an Escape Artist attempts to escape from a coffin. The system involves a Coffin Maker who ensures the coffin's quality, a Safety Officer and the Escape Artist who collaborate to minimize risks, and an Audience whose excitement is a key consideration. Computer control can be optionally enabled to assist with fluid pumping during the stunt. The system relies on pumping fluids and ensuring sufficient air within the coffin for the stunt to be performed.",Audience Engagement | Coffin Manufacturing | Risk Management | Safety Systems | Stunt Performance,include,Minimize Risk,usecase,Ensure Coffin Quality,usecase,,Audience | Coffin Maker | Escape Artist | Safety Officer,Audience | Coffin Maker | Escape Artist | Safety Officer,,Allow Stunt Fluid | Enable Computer Control System | Ensure Coffin Quality | Ensure Sufficient Air | Maximize Excitement | Minimize Risk | Perform Stunt | Pump Fluid,2026-02-26 18:36:36
25,Coffin Escape System,Escape System | Coffin System,Coffin Escape System,"The Coffin Escape System facilitates a stunt performance where an Escape Artist attempts to escape from a coffin. The system involves a Coffin Maker who ensures the coffin's quality, a Safety Officer and the Escape Artist who collaborate to minimize risks, and an Audience whose excitement is a key consideration. Computer control can be optionally enabled to assist with fluid pumping during the stunt. The system relies on pumping fluids and ensuring sufficient air within the coffin for the stunt to be performed.",Audience Engagement | Coffin Manufacturing | Risk Management | Safety Systems | Stunt Performance,include,Minimize Risk,usecase,Ensure Sufficient Air,usecase,,Audience | Coffin Maker | Escape Artist | Safety Officer,Audience | Coffin Maker | Escape Artist | Safety Officer,,Allow Stunt Fluid | Enable Computer Control System | Ensure Coffin Quality | Ensure Sufficient Air | Maximize Excitement | Minimize Risk | Perform Stunt | Pump Fluid,2026-02-26 18:36:36
26,Healthcare,Health System | Care System,Healthcare,"The Healthcare system manages patient care processes, from initial complaint recording and admission through assessment, treatment, progress reporting, and eventual discharge. Administrative Clerks record initial complaints, while Guardians and Patients participate in the admission process. Nurses and Doctors assess patient status and advise medical treatment. The system also handles legal authorization and discharge procedures, involving review of summaries and recommendations.",Healthcare Administration | Legal and Regulatory Compliance | Medical Treatment and Assessment | Patient Admission and Discharge | Patient Record Management,association,Doctor,actor,Advise Medical Treatment,usecase,,Administrative Clerk | Doctor | Guardian | Nurse | Patient,Administrative Clerk | Doctor | Guardian | Nurse | Patient,,Admit Patient | Advise Medical Treatment | Assess Patient Status | Maintain Progress Report | Obtain Legal Authorization | Recommend Patient Discharge | Record Initial Complaint | Review Discharge Summary,2026-02-26 18:37:02
26,Healthcare,Health System | Care System,Healthcare,"The Healthcare system manages patient care processes, from initial complaint recording and admission through assessment, treatment, progress reporting, and eventual discharge. Administrative Clerks record initial complaints, while Guardians and Patients participate in the admission process. Nurses and Doctors assess patient status and advise medical treatment. The system also handles legal authorization and discharge procedures, involving review of summaries and recommendations.",Healthcare Administration | Legal and Regulatory Compliance | Medical Treatment and Assessment | Patient Admission and Discharge | Patient Record Management,association,Nurse,actor,Assess Patient Status,usecase,,Administrative Clerk | Doctor | Guardian | Nurse | Patient,Administrative Clerk | Doctor | Guardian | Nurse | Patient,,Admit Patient | Advise Medical Treatment | Assess Patient Status | Maintain Progress Report | Obtain Legal Authorization | Recommend Patient Discharge | Record Initial Complaint | Review Discharge Summary,2026-02-26 18:37:02
26,Healthcare,Health System | Care System,Healthcare,"The Healthcare system manages patient care processes, from initial complaint recording and admission through assessment, treatment, progress reporting, and eventual discharge. Administrative Clerks record initial complaints, while Guardians and Patients participate in the admission process. Nurses and Doctors assess patient status and advise medical treatment. The system also handles legal authorization and discharge procedures, involving review of summaries and recommendations.",Healthcare Administration | Legal and Regulatory Compliance | Medical Treatment and Assessment | Patient Admission and Discharge | Patient Record Management,association,Doctor,actor,Assess Patient Status,usecase,,Administrative Clerk | Doctor | Guardian | Nurse | Patient,Administrative Clerk | Doctor | Guardian | Nurse | Patient,,Admit Patient | Advise Medical Treatment | Assess Patient Status | Maintain Progress Report | Obtain Legal Authorization | Recommend Patient Discharge | Record Initial Complaint | Review Discharge Summary,2026-02-26 18:37:02
26,Healthcare,Health System | Care System,Healthcare,"The Healthcare system manages patient care processes, from initial complaint recording and admission through assessment, treatment, progress reporting, and eventual discharge. Administrative Clerks record initial complaints, while Guardians and Patients participate in the admission process. Nurses and Doctors assess patient status and advise medical treatment. The system also handles legal authorization and discharge procedures, involving review of summaries and recommendations.",Healthcare Administration | Legal and Regulatory Compliance | Medical Treatment and Assessment | Patient Admission and Discharge | Patient Record Management,association,Administrative Clerk,actor,Record Initial Complaint,usecase,,Administrative Clerk | Doctor | Guardian | Nurse | Patient,Administrative Clerk | Doctor | Guardian | Nurse | Patient,,Admit Patient | Advise Medical Treatment | Assess Patient Status | Maintain Progress Report | Obtain Legal Authorization | Recommend Patient Discharge | Record Initial Complaint | Review Discharge Summary,2026-02-26 18:37:02
26,Healthcare,Health System | Care System,Healthcare,"The Healthcare system manages patient care processes, from initial complaint recording and admission through assessment, treatment, progress reporting, and eventual discharge. Administrative Clerks record initial complaints, while Guardians and Patients participate in the admission process. Nurses and Doctors assess patient status and advise medical treatment. The system also handles legal authorization and discharge procedures, involving review of summaries and recommendations.",Healthcare Administration | Legal and Regulatory Compliance | Medical Treatment and Assessment | Patient Admission and Discharge | Patient Record Management,association,Patient,actor,Admit Patient,usecase,,Administrative Clerk | Doctor | Guardian | Nurse | Patient,Administrative Clerk | Doctor | Guardian | Nurse | Patient,,Admit Patient | Advise Medical Treatment | Assess Patient Status | Maintain Progress Report | Obtain Legal Authorization | Recommend Patient Discharge | Record Initial Complaint | Review Discharge Summary,2026-02-26 18:37:02
26,Healthcare,Health System | Care System,Healthcare,"The Healthcare system manages patient care processes, from initial complaint recording and admission through assessment, treatment, progress reporting, and eventual discharge. Administrative Clerks record initial complaints, while Guardians and Patients participate in the admission process. Nurses and Doctors assess patient status and advise medical treatment. The system also handles legal authorization and discharge procedures, involving review of summaries and recommendations.",Healthcare Administration | Legal and Regulatory Compliance | Medical Treatment and Assessment | Patient Admission and Discharge | Patient Record Management,association,Guardian,actor,Admit Patient,usecase,,Administrative Clerk | Doctor | Guardian | Nurse | Patient,Administrative Clerk | Doctor | Guardian | Nurse | Patient,,Admit Patient | Advise Medical Treatment | Assess Patient Status | Maintain Progress Report | Obtain Legal Authorization | Recommend Patient Discharge | Record Initial Complaint | Review Discharge Summary,2026-02-26 18:37:02
26,Healthcare,Health System | Care System,Healthcare,"The Healthcare system manages patient care processes, from initial complaint recording and admission through assessment, treatment, progress reporting, and eventual discharge. Administrative Clerks record initial complaints, while Guardians and Patients participate in the admission process. Nurses and Doctors assess patient status and advise medical treatment. The system also handles legal authorization and discharge procedures, involving review of summaries and recommendations.",Healthcare Administration | Legal and Regulatory Compliance | Medical Treatment and Assessment | Patient Admission and Discharge | Patient Record Management,include,Maintain Progress Report,usecase,Recommend Patient Discharge,usecase,,Administrative Clerk | Doctor | Guardian | Nurse | Patient,Administrative Clerk | Doctor | Guardian | Nurse | Patient,,Admit Patient | Advise Medical Treatment | Assess Patient Status | Maintain Progress Report | Obtain Legal Authorization | Recommend Patient Discharge | Record Initial Complaint | Review Discharge Summary,2026-02-26 18:37:02
26,Healthcare,Health System | Care System,Healthcare,"The Healthcare system manages patient care processes, from initial complaint recording and admission through assessment, treatment, progress reporting, and eventual discharge. Administrative Clerks record initial complaints, while Guardians and Patients participate in the admission process. Nurses and Doctors assess patient status and advise medical treatment. The system also handles legal authorization and discharge procedures, involving review of summaries and recommendations.",Healthcare Administration | Legal and Regulatory Compliance | Medical Treatment and Assessment | Patient Admission and Discharge | Patient Record Management,include,Advise Medical Treatment,usecase,Maintain Progress Report,usecase,,Administrative Clerk | Doctor | Guardian | Nurse | Patient,Administrative Clerk | Doctor | Guardian | Nurse | Patient,,Admit Patient | Advise Medical Treatment | Assess Patient Status | Maintain Progress Report | Obtain Legal Authorization | Recommend Patient Discharge | Record Initial Complaint | Review Discharge Summary,2026-02-26 18:37:02
26,Healthcare,Health System | Care System,Healthcare,"The Healthcare system manages patient care processes, from initial complaint recording and admission through assessment, treatment, progress reporting, and eventual discharge. Administrative Clerks record initial complaints, while Guardians and Patients participate in the admission process. Nurses and Doctors assess patient status and advise medical treatment. The system also handles legal authorization and discharge procedures, involving review of summaries and recommendations.",Healthcare Administration | Legal and Regulatory Compliance | Medical Treatment and Assessment | Patient Admission and Discharge | Patient Record Management,include,Obtain Legal Authorization,usecase,Review Discharge Summary,usecase,,Administrative Clerk | Doctor | Guardian | Nurse | Patient,Administrative Clerk | Doctor | Guardian | Nurse | Patient,,Admit Patient | Advise Medical Treatment | Assess Patient Status | Maintain Progress Report | Obtain Legal Authorization | Recommend Patient Discharge | Record Initial Complaint | Review Discharge Summary,2026-02-26 18:37:02
26,Healthcare,Health System | Care System,Healthcare,"The Healthcare system manages patient care processes, from initial complaint recording and admission through assessment, treatment, progress reporting, and eventual discharge. Administrative Clerks record initial complaints, while Guardians and Patients participate in the admission process. Nurses and Doctors assess patient status and advise medical treatment. The system also handles legal authorization and discharge procedures, involving review of summaries and recommendations.",Healthcare Administration | Legal and Regulatory Compliance | Medical Treatment and Assessment | Patient Admission and Discharge | Patient Record Management,include,Record Initial Complaint,usecase,Obtain Legal Authorization,usecase,,Administrative Clerk | Doctor | Guardian | Nurse | Patient,Administrative Clerk | Doctor | Guardian | Nurse | Patient,,Admit Patient | Advise Medical Treatment | Assess Patient Status | Maintain Progress Report | Obtain Legal Authorization | Recommend Patient Discharge | Record Initial Complaint | Review Discharge Summary,2026-02-26 18:37:02
27,POS,Point Of Sale | POS System,POS,"The POS system facilitates retail transactions, user management, and activity analysis. Cashiers collect cash and process sales with customer interaction. Managers oversee cash collection and sales processes. System Administrators manage user accounts and security. The system integrates with external actors like the Accounting System and Tax Calculator for financial processing, and the Sales Activity System for data analysis. Returns are handled as an extension of the sales process under specific conditions.",Financial Transactions | Point of Sale Systems | Retail Management | Sales Analytics | User Account Management,association,Manager,actor,Collect Cash,usecase,,Accounting System | Cashier | Customer | Manager | Sales Activity System | System Administrator | Tax Calculator,Cashier | Customer | Manager | System Administrator,Accounting System | Sales Activity System | Tax Calculator,Analyze Activity | Collect Cash | Handle Return | Manage Security | Manage User | Process Sale,2026-02-26 18:37:22
27,POS,Point Of Sale | POS System,POS,"The POS system facilitates retail transactions, user management, and activity analysis. Cashiers collect cash and process sales with customer interaction. Managers oversee cash collection and sales processes. System Administrators manage user accounts and security. The system integrates with external actors like the Accounting System and Tax Calculator for financial processing, and the Sales Activity System for data analysis. Returns are handled as an extension of the sales process under specific conditions.",Financial Transactions | Point of Sale Systems | Retail Management | Sales Analytics | User Account Management,association,Manager,actor,Process Sale,usecase,,Accounting System | Cashier | Customer | Manager | Sales Activity System | System Administrator | Tax Calculator,Cashier | Customer | Manager | System Administrator,Accounting System | Sales Activity System | Tax Calculator,Analyze Activity | Collect Cash | Handle Return | Manage Security | Manage User | Process Sale,2026-02-26 18:37:22
27,POS,Point Of Sale | POS System,POS,"The POS system facilitates retail transactions, user management, and activity analysis. Cashiers collect cash and process sales with customer interaction. Managers oversee cash collection and sales processes. System Administrators manage user accounts and security. The system integrates with external actors like the Accounting System and Tax Calculator for financial processing, and the Sales Activity System for data analysis. Returns are handled as an extension of the sales process under specific conditions.",Financial Transactions | Point of Sale Systems | Retail Management | Sales Analytics | User Account Management,association,Sales Activity System,actor,Analyze Activity,usecase,,Accounting System | Cashier | Customer | Manager | Sales Activity System | System Administrator | Tax Calculator,Cashier | Customer | Manager | System Administrator,Accounting System | Sales Activity System | Tax Calculator,Analyze Activity | Collect Cash | Handle Return | Manage Security | Manage User | Process Sale,2026-02-26 18:37:22
27,POS,Point Of Sale | POS System,POS,"The POS system facilitates retail transactions, user management, and activity analysis. Cashiers collect cash and process sales with customer interaction. Managers oversee cash collection and sales processes. System Administrators manage user accounts and security. The system integrates with external actors like the Accounting System and Tax Calculator for financial processing, and the Sales Activity System for data analysis. Returns are handled as an extension of the sales process under specific conditions.",Financial Transactions | Point of Sale Systems | Retail Management | Sales Analytics | User Account Management,association,System Administrator,actor,Manage User,usecase,,Accounting System | Cashier | Customer | Manager | Sales Activity System | System Administrator | Tax Calculator,Cashier | Customer | Manager | System Administrator,Accounting System | Sales Activity System | Tax Calculator,Analyze Activity | Collect Cash | Handle Return | Manage Security | Manage User | Process Sale,2026-02-26 18:37:22
27,POS,Point Of Sale | POS System,POS,"The POS system facilitates retail transactions, user management, and activity analysis. Cashiers collect cash and process sales with customer interaction. Managers oversee cash collection and sales processes. System Administrators manage user accounts and security. The system integrates with external actors like the Accounting System and Tax Calculator for financial processing, and the Sales Activity System for data analysis. Returns are handled as an extension of the sales process under specific conditions.",Financial Transactions | Point of Sale Systems | Retail Management | Sales Analytics | User Account Management,association,Process Sale,usecase,Accounting System,actor,,Accounting System | Cashier | Customer | Manager | Sales Activity System | System Administrator | Tax Calculator,Cashier | Customer | Manager | System Administrator,Accounting System | Sales Activity System | Tax Calculator,Analyze Activity | Collect Cash | Handle Return | Manage Security | Manage User | Process Sale,2026-02-26 18:37:22
27,POS,Point Of Sale | POS System,POS,"The POS system facilitates retail transactions, user management, and activity analysis. Cashiers collect cash and process sales with customer interaction. Managers oversee cash collection and sales processes. System Administrators manage user accounts and security. The system integrates with external actors like the Accounting System and Tax Calculator for financial processing, and the Sales Activity System for data analysis. Returns are handled as an extension of the sales process under specific conditions.",Financial Transactions | Point of Sale Systems | Retail Management | Sales Analytics | User Account Management,association,Tax Calculator,actor,Collect Cash,usecase,,Accounting System | Cashier | Customer | Manager | Sales Activity System | System Administrator | Tax Calculator,Cashier | Customer | Manager | System Administrator,Accounting System | Sales Activity System | Tax Calculator,Analyze Activity | Collect Cash | Handle Return | Manage Security | Manage User | Process Sale,2026-02-26 18:37:22
27,POS,Point Of Sale | POS System,POS,"The POS system facilitates retail transactions, user management, and activity analysis. Cashiers collect cash and process sales with customer interaction. Managers oversee cash collection and sales processes. System Administrators manage user accounts and security. The system integrates with external actors like the Accounting System and Tax Calculator for financial processing, and the Sales Activity System for data analysis. Returns are handled as an extension of the sales process under specific conditions.",Financial Transactions | Point of Sale Systems | Retail Management | Sales Analytics | User Account Management,association,Cashier,actor,Collect Cash,usecase,,Accounting System | Cashier | Customer | Manager | Sales Activity System | System Administrator | Tax Calculator,Cashier | Customer | Manager | System Administrator,Accounting System | Sales Activity System | Tax Calculator,Analyze Activity | Collect Cash | Handle Return | Manage Security | Manage User | Process Sale,2026-02-26 18:37:22
27,POS,Point Of Sale | POS System,POS,"The POS system facilitates retail transactions, user management, and activity analysis. Cashiers collect cash and process sales with customer interaction. Managers oversee cash collection and sales processes. System Administrators manage user accounts and security. The system integrates with external actors like the Accounting System and Tax Calculator for financial processing, and the Sales Activity System for data analysis. Returns are handled as an extension of the sales process under specific conditions.",Financial Transactions | Point of Sale Systems | Retail Management | Sales Analytics | User Account Management,association,Customer,actor,Process Sale,usecase,,Accounting System | Cashier | Customer | Manager | Sales Activity System | System Administrator | Tax Calculator,Cashier | Customer | Manager | System Administrator,Accounting System | Sales Activity System | Tax Calculator,Analyze Activity | Collect Cash | Handle Return | Manage Security | Manage User | Process Sale,2026-02-26 18:37:22
27,POS,Point Of Sale | POS System,POS,"The POS system facilitates retail transactions, user management, and activity analysis. Cashiers collect cash and process sales with customer interaction. Managers oversee cash collection and sales processes. System Administrators manage user accounts and security. The system integrates with external actors like the Accounting System and Tax Calculator for financial processing, and the Sales Activity System for data analysis. Returns are handled as an extension of the sales process under specific conditions.",Financial Transactions | Point of Sale Systems | Retail Management | Sales Analytics | User Account Management,extend,Handle Return,usecase,Process Sale,usecase,When the Sale is Not satisfactory,Accounting System | Cashier | Customer | Manager | Sales Activity System | System Administrator | Tax Calculator,Cashier | Customer | Manager | System Administrator,Accounting System | Sales Activity System | Tax Calculator,Analyze Activity | Collect Cash | Handle Return | Manage Security | Manage User | Process Sale,2026-02-26 18:37:22
27,POS,Point Of Sale | POS System,POS,"The POS system facilitates retail transactions, user management, and activity analysis. Cashiers collect cash and process sales with customer interaction. Managers oversee cash collection and sales processes. System Administrators manage user accounts and security. The system integrates with external actors like the Accounting System and Tax Calculator for financial processing, and the Sales Activity System for data analysis. Returns are handled as an extension of the sales process under specific conditions.",Financial Transactions | Point of Sale Systems | Retail Management | Sales Analytics | User Account Management,include,Analyze Activity,usecase,Manage User,usecase,,Accounting System | Cashier | Customer | Manager | Sales Activity System | System Administrator | Tax Calculator,Cashier | Customer | Manager | System Administrator,Accounting System | Sales Activity System | Tax Calculator,Analyze Activity | Collect Cash | Handle Return | Manage Security | Manage User | Process Sale,2026-02-26 18:37:22
27,POS,Point Of Sale | POS System,POS,"The POS system facilitates retail transactions, user management, and activity analysis. Cashiers collect cash and process sales with customer interaction. Managers oversee cash collection and sales processes. System Administrators manage user accounts and security. The system integrates with external actors like the Accounting System and Tax Calculator for financial processing, and the Sales Activity System for data analysis. Returns are handled as an extension of the sales process under specific conditions.",Financial Transactions | Point of Sale Systems | Retail Management | Sales Analytics | User Account Management,include,Manage User,usecase,Manage Security,usecase,,Accounting System | Cashier | Customer | Manager | Sales Activity System | System Administrator | Tax Calculator,Cashier | Customer | Manager | System Administrator,Accounting System | Sales Activity System | Tax Calculator,Analyze Activity | Collect Cash | Handle Return | Manage Security | Manage User | Process Sale,2026-02-26 18:37:22
28,Train Ticket Reservation,Train Reservation | Ticket System,Train Ticket Reservation,"The Train Ticket Reservation system enables customers to reserve train tickets through a Ticket Booking App. Customers can access their accounts, choose origins and destinations, select trains, view seat availability, make payments, and receive tickets. The Ticket Booking App facilitates the process by providing access to train schedules, handling payments, and issuing tickets.",Online Payment Processing | Ticket Issuance | Train Schedule Management | Train Travel Booking | User Account Management,association,Ticket Booking App,actor,Choose Origin,usecase,,Customer | Ticket Booking App,Customer,Ticket Booking App,Access User Account | Choose Destination | Choose Origin | Choose Train | Issue Ticket | Make Payment | Receive Payment | Show Alternative Train | Show Available Seat | Show Available Train,2026-02-26 18:37:47
28,Train Ticket Reservation,Train Reservation | Ticket System,Train Ticket Reservation,"The Train Ticket Reservation system enables customers to reserve train tickets through a Ticket Booking App. Customers can access their accounts, choose origins and destinations, select trains, view seat availability, make payments, and receive tickets. The Ticket Booking App facilitates the process by providing access to train schedules, handling payments, and issuing tickets.",Online Payment Processing | Ticket Issuance | Train Schedule Management | Train Travel Booking | User Account Management,association,Ticket Booking App,actor,Receive Payment,usecase,,Customer | Ticket Booking App,Customer,Ticket Booking App,Access User Account | Choose Destination | Choose Origin | Choose Train | Issue Ticket | Make Payment | Receive Payment | Show Alternative Train | Show Available Seat | Show Available Train,2026-02-26 18:37:47
28,Train Ticket Reservation,Train Reservation | Ticket System,Train Ticket Reservation,"The Train Ticket Reservation system enables customers to reserve train tickets through a Ticket Booking App. Customers can access their accounts, choose origins and destinations, select trains, view seat availability, make payments, and receive tickets. The Ticket Booking App facilitates the process by providing access to train schedules, handling payments, and issuing tickets.",Online Payment Processing | Ticket Issuance | Train Schedule Management | Train Travel Booking | User Account Management,association,Ticket Booking App,actor,Show Available Train,usecase,,Customer | Ticket Booking App,Customer,Ticket Booking App,Access User Account | Choose Destination | Choose Origin | Choose Train | Issue Ticket | Make Payment | Receive Payment | Show Alternative Train | Show Available Seat | Show Available Train,2026-02-26 18:37:47
28,Train Ticket Reservation,Train Reservation | Ticket System,Train Ticket Reservation,"The Train Ticket Reservation system enables customers to reserve train tickets through a Ticket Booking App. Customers can access their accounts, choose origins and destinations, select trains, view seat availability, make payments, and receive tickets. The Ticket Booking App facilitates the process by providing access to train schedules, handling payments, and issuing tickets.",Online Payment Processing | Ticket Issuance | Train Schedule Management | Train Travel Booking | User Account Management,association,Customer,actor,Make Payment,usecase,,Customer | Ticket Booking App,Customer,Ticket Booking App,Access User Account | Choose Destination | Choose Origin | Choose Train | Issue Ticket | Make Payment | Receive Payment | Show Alternative Train | Show Available Seat | Show Available Train,2026-02-26 18:37:47
28,Train Ticket Reservation,Train Reservation | Ticket System,Train Ticket Reservation,"The Train Ticket Reservation system enables customers to reserve train tickets through a Ticket Booking App. Customers can access their accounts, choose origins and destinations, select trains, view seat availability, make payments, and receive tickets. The Ticket Booking App facilitates the process by providing access to train schedules, handling payments, and issuing tickets.",Online Payment Processing | Ticket Issuance | Train Schedule Management | Train Travel Booking | User Account Management,association,Customer,actor,Access User Account,usecase,,Customer | Ticket Booking App,Customer,Ticket Booking App,Access User Account | Choose Destination | Choose Origin | Choose Train | Issue Ticket | Make Payment | Receive Payment | Show Alternative Train | Show Available Seat | Show Available Train,2026-02-26 18:37:47
28,Train Ticket Reservation,Train Reservation | Ticket System,Train Ticket Reservation,"The Train Ticket Reservation system enables customers to reserve train tickets through a Ticket Booking App. Customers can access their accounts, choose origins and destinations, select trains, view seat availability, make payments, and receive tickets. The Ticket Booking App facilitates the process by providing access to train schedules, handling payments, and issuing tickets.",Online Payment Processing | Ticket Issuance | Train Schedule Management | Train Travel Booking | User Account Management,extend,Show Alternative Train,usecase,Show Available Train,usecase,When Trains are Not Available,Customer | Ticket Booking App,Customer,Ticket Booking App,Access User Account | Choose Destination | Choose Origin | Choose Train | Issue Ticket | Make Payment | Receive Payment | Show Alternative Train | Show Available Seat | Show Available Train,2026-02-26 18:37:47
28,Train Ticket Reservation,Train Reservation | Ticket System,Train Ticket Reservation,"The Train Ticket Reservation system enables customers to reserve train tickets through a Ticket Booking App. Customers can access their accounts, choose origins and destinations, select trains, view seat availability, make payments, and receive tickets. The Ticket Booking App facilitates the process by providing access to train schedules, handling payments, and issuing tickets.",Online Payment Processing | Ticket Issuance | Train Schedule Management | Train Travel Booking | User Account Management,include,Show Available Seat,usecase,Choose Train,usecase,,Customer | Ticket Booking App,Customer,Ticket Booking App,Access User Account | Choose Destination | Choose Origin | Choose Train | Issue Ticket | Make Payment | Receive Payment | Show Alternative Train | Show Available Seat | Show Available Train,2026-02-26 18:37:47
28,Train Ticket Reservation,Train Reservation | Ticket System,Train Ticket Reservation,"The Train Ticket Reservation system enables customers to reserve train tickets through a Ticket Booking App. Customers can access their accounts, choose origins and destinations, select trains, view seat availability, make payments, and receive tickets. The Ticket Booking App facilitates the process by providing access to train schedules, handling payments, and issuing tickets.",Online Payment Processing | Ticket Issuance | Train Schedule Management | Train Travel Booking | User Account Management,include,Access User Account,usecase,Choose Origin,usecase,,Customer | Ticket Booking App,Customer,Ticket Booking App,Access User Account | Choose Destination | Choose Origin | Choose Train | Issue Ticket | Make Payment | Receive Payment | Show Alternative Train | Show Available Seat | Show Available Train,2026-02-26 18:37:47
28,Train Ticket Reservation,Train Reservation | Ticket System,Train Ticket Reservation,"The Train Ticket Reservation system enables customers to reserve train tickets through a Ticket Booking App. Customers can access their accounts, choose origins and destinations, select trains, view seat availability, make payments, and receive tickets. The Ticket Booking App facilitates the process by providing access to train schedules, handling payments, and issuing tickets.",Online Payment Processing | Ticket Issuance | Train Schedule Management | Train Travel Booking | User Account Management,include,Receive Payment,usecase,Issue Ticket,usecase,,Customer | Ticket Booking App,Customer,Ticket Booking App,Access User Account | Choose Destination | Choose Origin | Choose Train | Issue Ticket | Make Payment | Receive Payment | Show Alternative Train | Show Available Seat | Show Available Train,2026-02-26 18:37:47
28,Train Ticket Reservation,Train Reservation | Ticket System,Train Ticket Reservation,"The Train Ticket Reservation system enables customers to reserve train tickets through a Ticket Booking App. Customers can access their accounts, choose origins and destinations, select trains, view seat availability, make payments, and receive tickets. The Ticket Booking App facilitates the process by providing access to train schedules, handling payments, and issuing tickets.",Online Payment Processing | Ticket Issuance | Train Schedule Management | Train Travel Booking | User Account Management,include,Show Available Train,usecase,Show Available Seat,usecase,,Customer | Ticket Booking App,Customer,Ticket Booking App,Access User Account | Choose Destination | Choose Origin | Choose Train | Issue Ticket | Make Payment | Receive Payment | Show Alternative Train | Show Available Seat | Show Available Train,2026-02-26 18:37:47
28,Train Ticket Reservation,Train Reservation | Ticket System,Train Ticket Reservation,"The Train Ticket Reservation system enables customers to reserve train tickets through a Ticket Booking App. Customers can access their accounts, choose origins and destinations, select trains, view seat availability, make payments, and receive tickets. The Ticket Booking App facilitates the process by providing access to train schedules, handling payments, and issuing tickets.",Online Payment Processing | Ticket Issuance | Train Schedule Management | Train Travel Booking | User Account Management,include,Choose Origin,usecase,Choose Destination,usecase,,Customer | Ticket Booking App,Customer,Ticket Booking App,Access User Account | Choose Destination | Choose Origin | Choose Train | Issue Ticket | Make Payment | Receive Payment | Show Alternative Train | Show Available Seat | Show Available Train,2026-02-26 18:37:47
29,Parking System,Park System | Parking Facility,Parking System,"The Parking System manages parking fees and provides receipts. The Parking Manager adjusts parking rates, while Drivers pay parking bills. The system supports hourly and daily rate adjustments, which are generalizations of a broader 'Adjust Rate' function. The Parking Manager can also print receipts.",Parking Management | Payment Processing | Rate Management | Receipt Generation | User Authentication,association,Parking Manager,actor,Print Reciept,usecase,,Driver | Parking Manager,Driver | Parking Manager,,Adjust Daily Rate | Adjust Hourly Rate | Adjust Rate | Pay Parking Bill | Print Reciept,2026-02-26 18:38:08
29,Parking System,Park System | Parking Facility,Parking System,"The Parking System manages parking fees and provides receipts. The Parking Manager adjusts parking rates, while Drivers pay parking bills. The system supports hourly and daily rate adjustments, which are generalizations of a broader 'Adjust Rate' function. The Parking Manager can also print receipts.",Parking Management | Payment Processing | Rate Management | Receipt Generation | User Authentication,association,Parking Manager,actor,Adjust Rate,usecase,,Driver | Parking Manager,Driver | Parking Manager,,Adjust Daily Rate | Adjust Hourly Rate | Adjust Rate | Pay Parking Bill | Print Reciept,2026-02-26 18:38:08
29,Parking System,Park System | Parking Facility,Parking System,"The Parking System manages parking fees and provides receipts. The Parking Manager adjusts parking rates, while Drivers pay parking bills. The system supports hourly and daily rate adjustments, which are generalizations of a broader 'Adjust Rate' function. The Parking Manager can also print receipts.",Parking Management | Payment Processing | Rate Management | Receipt Generation | User Authentication,association,Driver,actor,Pay Parking Bill,usecase,,Driver | Parking Manager,Driver | Parking Manager,,Adjust Daily Rate | Adjust Hourly Rate | Adjust Rate | Pay Parking Bill | Print Reciept,2026-02-26 18:38:08
29,Parking System,Park System | Parking Facility,Parking System,"The Parking System manages parking fees and provides receipts. The Parking Manager adjusts parking rates, while Drivers pay parking bills. The system supports hourly and daily rate adjustments, which are generalizations of a broader 'Adjust Rate' function. The Parking Manager can also print receipts.",Parking Management | Payment Processing | Rate Management | Receipt Generation | User Authentication,generalization,Adjust Hourly Rate,usecase,Adjust Rate,usecase,,Driver | Parking Manager,Driver | Parking Manager,,Adjust Daily Rate | Adjust Hourly Rate | Adjust Rate | Pay Parking Bill | Print Reciept,2026-02-26 18:38:08
29,Parking System,Park System | Parking Facility,Parking System,"The Parking System manages parking fees and provides receipts. The Parking Manager adjusts parking rates, while Drivers pay parking bills. The system supports hourly and daily rate adjustments, which are generalizations of a broader 'Adjust Rate' function. The Parking Manager can also print receipts.",Parking Management | Payment Processing | Rate Management | Receipt Generation | User Authentication,generalization,Adjust Daily Rate,usecase,Adjust Rate,usecase,,Driver | Parking Manager,Driver | Parking Manager,,Adjust Daily Rate | Adjust Hourly Rate | Adjust Rate | Pay Parking Bill | Print Reciept,2026-02-26 18:38:08
30,Surveillance System ,Watch System | Surveillance,Surveillance System ,"The Surveillance System monitors a safe zone for sheep and bears, utilizing input from a Mission Operator, Ground Station, GPS Constellation, and Weather data. The system allows for mission planning and preparation, surveying of the safe zone, and protection of sheep. The Ground Station and GPS Constellation provide data for system monitoring. Bears attempt to enter the safe zone, while sheep require protection. Mission preparation includes parameterization and planning phases.",Environmental Monitoring | Geospatial Data Processing | Mission Planning | Security Systems | Wildlife Monitoring,association,Ground Station,actor,Monitor System,usecase,,Bear | GPS Constellation | Ground Station | Mission Operator | Sheep | Weather,Bear | Mission Operator | Sheep,GPS Constellation | Ground Station | Weather,Enter Safe Zone | Monitor System | Parameterize Mission | Plan Mission | Prepare Mission | Protect Sheep | Survey Safe Zone,2026-02-26 18:38:29
30,Surveillance System ,Watch System | Surveillance,Surveillance System ,"The Surveillance System monitors a safe zone for sheep and bears, utilizing input from a Mission Operator, Ground Station, GPS Constellation, and Weather data. The system allows for mission planning and preparation, surveying of the safe zone, and protection of sheep. The Ground Station and GPS Constellation provide data for system monitoring. Bears attempt to enter the safe zone, while sheep require protection. Mission preparation includes parameterization and planning phases.",Environmental Monitoring | Geospatial Data Processing | Mission Planning | Security Systems | Wildlife Monitoring,association,Bear,actor,Enter Safe Zone,usecase,,Bear | GPS Constellation | Ground Station | Mission Operator | Sheep | Weather,Bear | Mission Operator | Sheep,GPS Constellation | Ground Station | Weather,Enter Safe Zone | Monitor System | Parameterize Mission | Plan Mission | Prepare Mission | Protect Sheep | Survey Safe Zone,2026-02-26 18:38:29
30,Surveillance System ,Watch System | Surveillance,Surveillance System ,"The Surveillance System monitors a safe zone for sheep and bears, utilizing input from a Mission Operator, Ground Station, GPS Constellation, and Weather data. The system allows for mission planning and preparation, surveying of the safe zone, and protection of sheep. The Ground Station and GPS Constellation provide data for system monitoring. Bears attempt to enter the safe zone, while sheep require protection. Mission preparation includes parameterization and planning phases.",Environmental Monitoring | Geospatial Data Processing | Mission Planning | Security Systems | Wildlife Monitoring,association,GPS Constellation,actor,Monitor System,usecase,,Bear | GPS Constellation | Ground Station | Mission Operator | Sheep | Weather,Bear | Mission Operator | Sheep,GPS Constellation | Ground Station | Weather,Enter Safe Zone | Monitor System | Parameterize Mission | Plan Mission | Prepare Mission | Protect Sheep | Survey Safe Zone,2026-02-26 18:38:29
30,Surveillance System ,Watch System | Surveillance,Surveillance System ,"The Surveillance System monitors a safe zone for sheep and bears, utilizing input from a Mission Operator, Ground Station, GPS Constellation, and Weather data. The system allows for mission planning and preparation, surveying of the safe zone, and protection of sheep. The Ground Station and GPS Constellation provide data for system monitoring. Bears attempt to enter the safe zone, while sheep require protection. Mission preparation includes parameterization and planning phases.",Environmental Monitoring | Geospatial Data Processing | Mission Planning | Security Systems | Wildlife Monitoring,association,Weather,actor,Monitor System,usecase,,Bear | GPS Constellation | Ground Station | Mission Operator | Sheep | Weather,Bear | Mission Operator | Sheep,GPS Constellation | Ground Station | Weather,Enter Safe Zone | Monitor System | Parameterize Mission | Plan Mission | Prepare Mission | Protect Sheep | Survey Safe Zone,2026-02-26 18:38:29
30,Surveillance System ,Watch System | Surveillance,Surveillance System ,"The Surveillance System monitors a safe zone for sheep and bears, utilizing input from a Mission Operator, Ground Station, GPS Constellation, and Weather data. The system allows for mission planning and preparation, surveying of the safe zone, and protection of sheep. The Ground Station and GPS Constellation provide data for system monitoring. Bears attempt to enter the safe zone, while sheep require protection. Mission preparation includes parameterization and planning phases.",Environmental Monitoring | Geospatial Data Processing | Mission Planning | Security Systems | Wildlife Monitoring,association,Sheep,actor,Protect Sheep,usecase,,Bear | GPS Constellation | Ground Station | Mission Operator | Sheep | Weather,Bear | Mission Operator | Sheep,GPS Constellation | Ground Station | Weather,Enter Safe Zone | Monitor System | Parameterize Mission | Plan Mission | Prepare Mission | Protect Sheep | Survey Safe Zone,2026-02-26 18:38:29
30,Surveillance System ,Watch System | Surveillance,Surveillance System ,"The Surveillance System monitors a safe zone for sheep and bears, utilizing input from a Mission Operator, Ground Station, GPS Constellation, and Weather data. The system allows for mission planning and preparation, surveying of the safe zone, and protection of sheep. The Ground Station and GPS Constellation provide data for system monitoring. Bears attempt to enter the safe zone, while sheep require protection. Mission preparation includes parameterization and planning phases.",Environmental Monitoring | Geospatial Data Processing | Mission Planning | Security Systems | Wildlife Monitoring,association,Ground Station,actor,Prepare Mission,usecase,,Bear | GPS Constellation | Ground Station | Mission Operator | Sheep | Weather,Bear | Mission Operator | Sheep,GPS Constellation | Ground Station | Weather,Enter Safe Zone | Monitor System | Parameterize Mission | Plan Mission | Prepare Mission | Protect Sheep | Survey Safe Zone,2026-02-26 18:38:29
30,Surveillance System ,Watch System | Surveillance,Surveillance System ,"The Surveillance System monitors a safe zone for sheep and bears, utilizing input from a Mission Operator, Ground Station, GPS Constellation, and Weather data. The system allows for mission planning and preparation, surveying of the safe zone, and protection of sheep. The Ground Station and GPS Constellation provide data for system monitoring. Bears attempt to enter the safe zone, while sheep require protection. Mission preparation includes parameterization and planning phases.",Environmental Monitoring | Geospatial Data Processing | Mission Planning | Security Systems | Wildlife Monitoring,association,Mission Operator,actor,Survey Safe Zone,usecase,,Bear | GPS Constellation | Ground Station | Mission Operator | Sheep | Weather,Bear | Mission Operator | Sheep,GPS Constellation | Ground Station | Weather,Enter Safe Zone | Monitor System | Parameterize Mission | Plan Mission | Prepare Mission | Protect Sheep | Survey Safe Zone,2026-02-26 18:38:29
30,Surveillance System ,Watch System | Surveillance,Surveillance System ,"The Surveillance System monitors a safe zone for sheep and bears, utilizing input from a Mission Operator, Ground Station, GPS Constellation, and Weather data. The system allows for mission planning and preparation, surveying of the safe zone, and protection of sheep. The Ground Station and GPS Constellation provide data for system monitoring. Bears attempt to enter the safe zone, while sheep require protection. Mission preparation includes parameterization and planning phases.",Environmental Monitoring | Geospatial Data Processing | Mission Planning | Security Systems | Wildlife Monitoring,association,Mission Operator,actor,Monitor System,usecase,,Bear | GPS Constellation | Ground Station | Mission Operator | Sheep | Weather,Bear | Mission Operator | Sheep,GPS Constellation | Ground Station | Weather,Enter Safe Zone | Monitor System | Parameterize Mission | Plan Mission | Prepare Mission | Protect Sheep | Survey Safe Zone,2026-02-26 18:38:29
30,Surveillance System ,Watch System | Surveillance,Surveillance System ,"The Surveillance System monitors a safe zone for sheep and bears, utilizing input from a Mission Operator, Ground Station, GPS Constellation, and Weather data. The system allows for mission planning and preparation, surveying of the safe zone, and protection of sheep. The Ground Station and GPS Constellation provide data for system monitoring. Bears attempt to enter the safe zone, while sheep require protection. Mission preparation includes parameterization and planning phases.",Environmental Monitoring | Geospatial Data Processing | Mission Planning | Security Systems | Wildlife Monitoring,association,Ground Station,actor,Survey Safe Zone,usecase,,Bear | GPS Constellation | Ground Station | Mission Operator | Sheep | Weather,Bear | Mission Operator | Sheep,GPS Constellation | Ground Station | Weather,Enter Safe Zone | Monitor System | Parameterize Mission | Plan Mission | Prepare Mission | Protect Sheep | Survey Safe Zone,2026-02-26 18:38:29
30,Surveillance System ,Watch System | Surveillance,Surveillance System ,"The Surveillance System monitors a safe zone for sheep and bears, utilizing input from a Mission Operator, Ground Station, GPS Constellation, and Weather data. The system allows for mission planning and preparation, surveying of the safe zone, and protection of sheep. The Ground Station and GPS Constellation provide data for system monitoring. Bears attempt to enter the safe zone, while sheep require protection. Mission preparation includes parameterization and planning phases.",Environmental Monitoring | Geospatial Data Processing | Mission Planning | Security Systems | Wildlife Monitoring,extend,Protect Sheep,usecase,Survey Safe Zone,usecase,When Predator Enters Safe Zone,Bear | GPS Constellation | Ground Station | Mission Operator | Sheep | Weather,Bear | Mission Operator | Sheep,GPS Constellation | Ground Station | Weather,Enter Safe Zone | Monitor System | Parameterize Mission | Plan Mission | Prepare Mission | Protect Sheep | Survey Safe Zone,2026-02-26 18:38:29
30,Surveillance System ,Watch System | Surveillance,Surveillance System ,"The Surveillance System monitors a safe zone for sheep and bears, utilizing input from a Mission Operator, Ground Station, GPS Constellation, and Weather data. The system allows for mission planning and preparation, surveying of the safe zone, and protection of sheep. The Ground Station and GPS Constellation provide data for system monitoring. Bears attempt to enter the safe zone, while sheep require protection. Mission preparation includes parameterization and planning phases.",Environmental Monitoring | Geospatial Data Processing | Mission Planning | Security Systems | Wildlife Monitoring,include,Prepare Mission,usecase,Parameterize Mission,usecase,,Bear | GPS Constellation | Ground Station | Mission Operator | Sheep | Weather,Bear | Mission Operator | Sheep,GPS Constellation | Ground Station | Weather,Enter Safe Zone | Monitor System | Parameterize Mission | Plan Mission | Prepare Mission | Protect Sheep | Survey Safe Zone,2026-02-26 18:38:29
30,Surveillance System ,Watch System | Surveillance,Surveillance System ,"The Surveillance System monitors a safe zone for sheep and bears, utilizing input from a Mission Operator, Ground Station, GPS Constellation, and Weather data. The system allows for mission planning and preparation, surveying of the safe zone, and protection of sheep. The Ground Station and GPS Constellation provide data for system monitoring. Bears attempt to enter the safe zone, while sheep require protection. Mission preparation includes parameterization and planning phases.",Environmental Monitoring | Geospatial Data Processing | Mission Planning | Security Systems | Wildlife Monitoring,include,Prepare Mission,usecase,Plan Mission,usecase,,Bear | GPS Constellation | Ground Station | Mission Operator | Sheep | Weather,Bear | Mission Operator | Sheep,GPS Constellation | Ground Station | Weather,Enter Safe Zone | Monitor System | Parameterize Mission | Plan Mission | Prepare Mission | Protect Sheep | Survey Safe Zone,2026-02-26 18:38:29
31,Coursework Management,Course System | Course Management,Coursework Management,"The Coursework Management system facilitates the administration, delivery, submission, and assessment of coursework. Administrators configure courses, Lecturers retrieve coursework for grading, and Students submit coursework and retrieve their marks. Submitters publish marks, potentially triggered by a student's request to retrieve their mark.",Academic Record Keeping | Course Management | Educational Administration | Learning Management Systems | Student Assessment,association,Administrator,actor,Set Up Course Configuration,usecase,,Administrator | Lecturer | Student | Submitter,Administrator | Lecturer | Student | Submitter,,Publlish Mark | Retrieve Coursework | Retrieve Mark | Set Up Course Configuration | Submit Coursework,2026-02-26 18:38:45
31,Coursework Management,Course System | Course Management,Coursework Management,"The Coursework Management system facilitates the administration, delivery, submission, and assessment of coursework. Administrators configure courses, Lecturers retrieve coursework for grading, and Students submit coursework and retrieve their marks. Submitters publish marks, potentially triggered by a student's request to retrieve their mark.",Academic Record Keeping | Course Management | Educational Administration | Learning Management Systems | Student Assessment,association,Lecturer,actor,Retrieve Coursework,usecase,,Administrator | Lecturer | Student | Submitter,Administrator | Lecturer | Student | Submitter,,Publlish Mark | Retrieve Coursework | Retrieve Mark | Set Up Course Configuration | Submit Coursework,2026-02-26 18:38:45
31,Coursework Management,Course System | Course Management,Coursework Management,"The Coursework Management system facilitates the administration, delivery, submission, and assessment of coursework. Administrators configure courses, Lecturers retrieve coursework for grading, and Students submit coursework and retrieve their marks. Submitters publish marks, potentially triggered by a student's request to retrieve their mark.",Academic Record Keeping | Course Management | Educational Administration | Learning Management Systems | Student Assessment,association,Submitter,actor,Publlish Mark,usecase,,Administrator | Lecturer | Student | Submitter,Administrator | Lecturer | Student | Submitter,,Publlish Mark | Retrieve Coursework | Retrieve Mark | Set Up Course Configuration | Submit Coursework,2026-02-26 18:38:45
31,Coursework Management,Course System | Course Management,Coursework Management,"The Coursework Management system facilitates the administration, delivery, submission, and assessment of coursework. Administrators configure courses, Lecturers retrieve coursework for grading, and Students submit coursework and retrieve their marks. Submitters publish marks, potentially triggered by a student's request to retrieve their mark.",Academic Record Keeping | Course Management | Educational Administration | Learning Management Systems | Student Assessment,association,Student,actor,Retrieve Mark,usecase,,Administrator | Lecturer | Student | Submitter,Administrator | Lecturer | Student | Submitter,,Publlish Mark | Retrieve Coursework | Retrieve Mark | Set Up Course Configuration | Submit Coursework,2026-02-26 18:38:45
31,Coursework Management,Course System | Course Management,Coursework Management,"The Coursework Management system facilitates the administration, delivery, submission, and assessment of coursework. Administrators configure courses, Lecturers retrieve coursework for grading, and Students submit coursework and retrieve their marks. Submitters publish marks, potentially triggered by a student's request to retrieve their mark.",Academic Record Keeping | Course Management | Educational Administration | Learning Management Systems | Student Assessment,association,Student,actor,Submit Coursework,usecase,,Administrator | Lecturer | Student | Submitter,Administrator | Lecturer | Student | Submitter,,Publlish Mark | Retrieve Coursework | Retrieve Mark | Set Up Course Configuration | Submit Coursework,2026-02-26 18:38:45
31,Coursework Management,Course System | Course Management,Coursework Management,"The Coursework Management system facilitates the administration, delivery, submission, and assessment of coursework. Administrators configure courses, Lecturers retrieve coursework for grading, and Students submit coursework and retrieve their marks. Submitters publish marks, potentially triggered by a student's request to retrieve their mark.",Academic Record Keeping | Course Management | Educational Administration | Learning Management Systems | Student Assessment,extend,Retrieve Mark,usecase,Submit Coursework,usecase,When Marks are Requested,Administrator | Lecturer | Student | Submitter,Administrator | Lecturer | Student | Submitter,,Publlish Mark | Retrieve Coursework | Retrieve Mark | Set Up Course Configuration | Submit Coursework,2026-02-26 18:38:45
32,Renewable Energy Monitoring System,Energy Monitor | Renewable System | Energy System,Renewable Energy Monitoring System,"The Renewable Energy Monitoring System facilitates the monitoring and analysis of energy production from turbines. System Administrators perform equipment checks, Control Engineers analyze energy data, and Field Control Engineers monitor turbines and register new sensors. The system generates energy reports based on turbine monitoring data, and sensor registration is integral to turbine monitoring.",Energy Data Analytics | Renewable Energy Management | Sensor Management | System Administration | Turbine Monitoring,association,Field Control Engineer,actor,Monitor Turbine,usecase,,Control Engineer | Field Control Engineer | System Administrator,Control Engineer | Field Control Engineer | System Administrator,,Analyze Energy Data | Generate Energy Report | Monitor Turbine | Perform Equipment Check | Register New Sensor,2026-02-26 18:39:02
32,Renewable Energy Monitoring System,Energy Monitor | Renewable System | Energy System,Renewable Energy Monitoring System,"The Renewable Energy Monitoring System facilitates the monitoring and analysis of energy production from turbines. System Administrators perform equipment checks, Control Engineers analyze energy data, and Field Control Engineers monitor turbines and register new sensors. The system generates energy reports based on turbine monitoring data, and sensor registration is integral to turbine monitoring.",Energy Data Analytics | Renewable Energy Management | Sensor Management | System Administration | Turbine Monitoring,association,Control Engineer,actor,Analyze Energy Data,usecase,,Control Engineer | Field Control Engineer | System Administrator,Control Engineer | Field Control Engineer | System Administrator,,Analyze Energy Data | Generate Energy Report | Monitor Turbine | Perform Equipment Check | Register New Sensor,2026-02-26 18:39:02
32,Renewable Energy Monitoring System,Energy Monitor | Renewable System | Energy System,Renewable Energy Monitoring System,"The Renewable Energy Monitoring System facilitates the monitoring and analysis of energy production from turbines. System Administrators perform equipment checks, Control Engineers analyze energy data, and Field Control Engineers monitor turbines and register new sensors. The system generates energy reports based on turbine monitoring data, and sensor registration is integral to turbine monitoring.",Energy Data Analytics | Renewable Energy Management | Sensor Management | System Administration | Turbine Monitoring,association,System Administrator,actor,Perform Equipment Check,usecase,,Control Engineer | Field Control Engineer | System Administrator,Control Engineer | Field Control Engineer | System Administrator,,Analyze Energy Data | Generate Energy Report | Monitor Turbine | Perform Equipment Check | Register New Sensor,2026-02-26 18:39:02
32,Renewable Energy Monitoring System,Energy Monitor | Renewable System | Energy System,Renewable Energy Monitoring System,"The Renewable Energy Monitoring System facilitates the monitoring and analysis of energy production from turbines. System Administrators perform equipment checks, Control Engineers analyze energy data, and Field Control Engineers monitor turbines and register new sensors. The system generates energy reports based on turbine monitoring data, and sensor registration is integral to turbine monitoring.",Energy Data Analytics | Renewable Energy Management | Sensor Management | System Administration | Turbine Monitoring,association,Field Control Engineer,actor,Register New Sensor,usecase,,Control Engineer | Field Control Engineer | System Administrator,Control Engineer | Field Control Engineer | System Administrator,,Analyze Energy Data | Generate Energy Report | Monitor Turbine | Perform Equipment Check | Register New Sensor,2026-02-26 18:39:02
32,Renewable Energy Monitoring System,Energy Monitor | Renewable System | Energy System,Renewable Energy Monitoring System,"The Renewable Energy Monitoring System facilitates the monitoring and analysis of energy production from turbines. System Administrators perform equipment checks, Control Engineers analyze energy data, and Field Control Engineers monitor turbines and register new sensors. The system generates energy reports based on turbine monitoring data, and sensor registration is integral to turbine monitoring.",Energy Data Analytics | Renewable Energy Management | Sensor Management | System Administration | Turbine Monitoring,extend,Generate Energy Report,usecase,Monitor Turbine,usecase,When Report is Required,Control Engineer | Field Control Engineer | System Administrator,Control Engineer | Field Control Engineer | System Administrator,,Analyze Energy Data | Generate Energy Report | Monitor Turbine | Perform Equipment Check | Register New Sensor,2026-02-26 18:39:02
32,Renewable Energy Monitoring System,Energy Monitor | Renewable System | Energy System,Renewable Energy Monitoring System,"The Renewable Energy Monitoring System facilitates the monitoring and analysis of energy production from turbines. System Administrators perform equipment checks, Control Engineers analyze energy data, and Field Control Engineers monitor turbines and register new sensors. The system generates energy reports based on turbine monitoring data, and sensor registration is integral to turbine monitoring.",Energy Data Analytics | Renewable Energy Management | Sensor Management | System Administration | Turbine Monitoring,include,Register New Sensor,usecase,Monitor Turbine,usecase,,Control Engineer | Field Control Engineer | System Administrator,Control Engineer | Field Control Engineer | System Administrator,,Analyze Energy Data | Generate Energy Report | Monitor Turbine | Perform Equipment Check | Register New Sensor,2026-02-26 18:39:02
33,Game,Game Platform | Gaming System,Game,"The Game system manages a leaderboard and game settings. Game Administrators can edit, update, and modify settings, while Players can view, play the game, and modify settings. Viewing the leaderboard includes fetching the leaderboard data. Playing the game automatically updates the leaderboard.",Game Management | Game Settings Configuration | Leaderboard Administration | Player Engagement | User Account Management,association,Game Administrator,actor,Edit Leaderboard,usecase,,Game Administrator | Player,Game Administrator | Player,,Edit Leaderboard | Fetch Leaderboard | Modify Setting | Play Game | Update Leaderboard | View Leaderboard,2026-02-26 18:39:20
33,Game,Game Platform | Gaming System,Game,"The Game system manages a leaderboard and game settings. Game Administrators can edit, update, and modify settings, while Players can view, play the game, and modify settings. Viewing the leaderboard includes fetching the leaderboard data. Playing the game automatically updates the leaderboard.",Game Management | Game Settings Configuration | Leaderboard Administration | Player Engagement | User Account Management,association,Game Administrator,actor,Update Leaderboard,usecase,,Game Administrator | Player,Game Administrator | Player,,Edit Leaderboard | Fetch Leaderboard | Modify Setting | Play Game | Update Leaderboard | View Leaderboard,2026-02-26 18:39:20
33,Game,Game Platform | Gaming System,Game,"The Game system manages a leaderboard and game settings. Game Administrators can edit, update, and modify settings, while Players can view, play the game, and modify settings. Viewing the leaderboard includes fetching the leaderboard data. Playing the game automatically updates the leaderboard.",Game Management | Game Settings Configuration | Leaderboard Administration | Player Engagement | User Account Management,association,Game Administrator,actor,Modify Setting,usecase,,Game Administrator | Player,Game Administrator | Player,,Edit Leaderboard | Fetch Leaderboard | Modify Setting | Play Game | Update Leaderboard | View Leaderboard,2026-02-26 18:39:20
33,Game,Game Platform | Gaming System,Game,"The Game system manages a leaderboard and game settings. Game Administrators can edit, update, and modify settings, while Players can view, play the game, and modify settings. Viewing the leaderboard includes fetching the leaderboard data. Playing the game automatically updates the leaderboard.",Game Management | Game Settings Configuration | Leaderboard Administration | Player Engagement | User Account Management,association,Player,actor,View Leaderboard,usecase,,Game Administrator | Player,Game Administrator | Player,,Edit Leaderboard | Fetch Leaderboard | Modify Setting | Play Game | Update Leaderboard | View Leaderboard,2026-02-26 18:39:20
33,Game,Game Platform | Gaming System,Game,"The Game system manages a leaderboard and game settings. Game Administrators can edit, update, and modify settings, while Players can view, play the game, and modify settings. Viewing the leaderboard includes fetching the leaderboard data. Playing the game automatically updates the leaderboard.",Game Management | Game Settings Configuration | Leaderboard Administration | Player Engagement | User Account Management,association,Player,actor,Modify Setting,usecase,,Game Administrator | Player,Game Administrator | Player,,Edit Leaderboard | Fetch Leaderboard | Modify Setting | Play Game | Update Leaderboard | View Leaderboard,2026-02-26 18:39:20
33,Game,Game Platform | Gaming System,Game,"The Game system manages a leaderboard and game settings. Game Administrators can edit, update, and modify settings, while Players can view, play the game, and modify settings. Viewing the leaderboard includes fetching the leaderboard data. Playing the game automatically updates the leaderboard.",Game Management | Game Settings Configuration | Leaderboard Administration | Player Engagement | User Account Management,association,Player,actor,Play Game,usecase,,Game Administrator | Player,Game Administrator | Player,,Edit Leaderboard | Fetch Leaderboard | Modify Setting | Play Game | Update Leaderboard | View Leaderboard,2026-02-26 18:39:20
33,Game,Game Platform | Gaming System,Game,"The Game system manages a leaderboard and game settings. Game Administrators can edit, update, and modify settings, while Players can view, play the game, and modify settings. Viewing the leaderboard includes fetching the leaderboard data. Playing the game automatically updates the leaderboard.",Game Management | Game Settings Configuration | Leaderboard Administration | Player Engagement | User Account Management,include,View Leaderboard,usecase,Fetch Leaderboard,usecase,,Game Administrator | Player,Game Administrator | Player,,Edit Leaderboard | Fetch Leaderboard | Modify Setting | Play Game | Update Leaderboard | View Leaderboard,2026-02-26 18:39:20
33,Game,Game Platform | Gaming System,Game,"The Game system manages a leaderboard and game settings. Game Administrators can edit, update, and modify settings, while Players can view, play the game, and modify settings. Viewing the leaderboard includes fetching the leaderboard data. Playing the game automatically updates the leaderboard.",Game Management | Game Settings Configuration | Leaderboard Administration | Player Engagement | User Account Management,include,Play Game,usecase,Update Leaderboard,usecase,,Game Administrator | Player,Game Administrator | Player,,Edit Leaderboard | Fetch Leaderboard | Modify Setting | Play Game | Update Leaderboard | View Leaderboard,2026-02-26 18:39:20
34,Trading System,Trade System | Trading Platform,Trading System,"The Trading System facilitates deal capture, price display, risk analysis, account updates, and limit setting. Traders interact with the system to capture deals, view prices, and analyze risks. The Trading Manager sets limits within the system. The Accounting System interacts with the system to update accounts.",Account Management | Financial Regulations | Financial Trading | Risk Management | Trade Execution,association,Accounting System,actor,Update Account,usecase,,Accounting System | Trader | Trading Manager,Trader | Trading Manager,Accounting System,Analyze Risk | Capture Deal | Display Price | Set Limit | Update Account,2026-02-26 18:39:38
34,Trading System,Trade System | Trading Platform,Trading System,"The Trading System facilitates deal capture, price display, risk analysis, account updates, and limit setting. Traders interact with the system to capture deals, view prices, and analyze risks. The Trading Manager sets limits within the system. The Accounting System interacts with the system to update accounts.",Account Management | Financial Regulations | Financial Trading | Risk Management | Trade Execution,association,Trading Manager,actor,Set Limit,usecase,,Accounting System | Trader | Trading Manager,Trader | Trading Manager,Accounting System,Analyze Risk | Capture Deal | Display Price | Set Limit | Update Account,2026-02-26 18:39:38
34,Trading System,Trade System | Trading Platform,Trading System,"The Trading System facilitates deal capture, price display, risk analysis, account updates, and limit setting. Traders interact with the system to capture deals, view prices, and analyze risks. The Trading Manager sets limits within the system. The Accounting System interacts with the system to update accounts.",Account Management | Financial Regulations | Financial Trading | Risk Management | Trade Execution,association,Trader,actor,Capture Deal,usecase,,Accounting System | Trader | Trading Manager,Trader | Trading Manager,Accounting System,Analyze Risk | Capture Deal | Display Price | Set Limit | Update Account,2026-02-26 18:39:38
34,Trading System,Trade System | Trading Platform,Trading System,"The Trading System facilitates deal capture, price display, risk analysis, account updates, and limit setting. Traders interact with the system to capture deals, view prices, and analyze risks. The Trading Manager sets limits within the system. The Accounting System interacts with the system to update accounts.",Account Management | Financial Regulations | Financial Trading | Risk Management | Trade Execution,association,Trader,actor,Display Price,usecase,,Accounting System | Trader | Trading Manager,Trader | Trading Manager,Accounting System,Analyze Risk | Capture Deal | Display Price | Set Limit | Update Account,2026-02-26 18:39:38
34,Trading System,Trade System | Trading Platform,Trading System,"The Trading System facilitates deal capture, price display, risk analysis, account updates, and limit setting. Traders interact with the system to capture deals, view prices, and analyze risks. The Trading Manager sets limits within the system. The Accounting System interacts with the system to update accounts.",Account Management | Financial Regulations | Financial Trading | Risk Management | Trade Execution,association,Trader,actor,Analyze Risk,usecase,,Accounting System | Trader | Trading Manager,Trader | Trading Manager,Accounting System,Analyze Risk | Capture Deal | Display Price | Set Limit | Update Account,2026-02-26 18:39:38
35,Bank,Financial Institution | Banking System,Bank,"The Bank system facilitates financial transactions and account management for Customers, supported by Bank Employees. Customers can Deposit Funds, Withdraw Funds, and Open Accounts. Bank Employees Proivde Service to customers. Both Deposit and Withdraw operations include an Update Balance function to maintain accurate account records.",Account Management | Banking Operations | Customer Service | Financial Transactions | Funds Management,association,Customer,actor,Deposit Fund,usecase,,Bank Employee | Customer,Bank Employee | Customer,,Deposit Fund | Open Account | Proivde Service | Update Balance | Withdraw Fund,2026-02-26 18:39:57
35,Bank,Financial Institution | Banking System,Bank,"The Bank system facilitates financial transactions and account management for Customers, supported by Bank Employees. Customers can Deposit Funds, Withdraw Funds, and Open Accounts. Bank Employees Proivde Service to customers. Both Deposit and Withdraw operations include an Update Balance function to maintain accurate account records.",Account Management | Banking Operations | Customer Service | Financial Transactions | Funds Management,association,Customer,actor,Withdraw Fund,usecase,,Bank Employee | Customer,Bank Employee | Customer,,Deposit Fund | Open Account | Proivde Service | Update Balance | Withdraw Fund,2026-02-26 18:39:57
35,Bank,Financial Institution | Banking System,Bank,"The Bank system facilitates financial transactions and account management for Customers, supported by Bank Employees. Customers can Deposit Funds, Withdraw Funds, and Open Accounts. Bank Employees Proivde Service to customers. Both Deposit and Withdraw operations include an Update Balance function to maintain accurate account records.",Account Management | Banking Operations | Customer Service | Financial Transactions | Funds Management,association,Customer,actor,Open Account,usecase,,Bank Employee | Customer,Bank Employee | Customer,,Deposit Fund | Open Account | Proivde Service | Update Balance | Withdraw Fund,2026-02-26 18:39:57
35,Bank,Financial Institution | Banking System,Bank,"The Bank system facilitates financial transactions and account management for Customers, supported by Bank Employees. Customers can Deposit Funds, Withdraw Funds, and Open Accounts. Bank Employees Proivde Service to customers. Both Deposit and Withdraw operations include an Update Balance function to maintain accurate account records.",Account Management | Banking Operations | Customer Service | Financial Transactions | Funds Management,association,Bank Employee,actor,Proivde Service,usecase,,Bank Employee | Customer,Bank Employee | Customer,,Deposit Fund | Open Account | Proivde Service | Update Balance | Withdraw Fund,2026-02-26 18:39:57
35,Bank,Financial Institution | Banking System,Bank,"The Bank system facilitates financial transactions and account management for Customers, supported by Bank Employees. Customers can Deposit Funds, Withdraw Funds, and Open Accounts. Bank Employees Proivde Service to customers. Both Deposit and Withdraw operations include an Update Balance function to maintain accurate account records.",Account Management | Banking Operations | Customer Service | Financial Transactions | Funds Management,include,Withdraw Fund,usecase,Update Balance,usecase,,Bank Employee | Customer,Bank Employee | Customer,,Deposit Fund | Open Account | Proivde Service | Update Balance | Withdraw Fund,2026-02-26 18:39:57
35,Bank,Financial Institution | Banking System,Bank,"The Bank system facilitates financial transactions and account management for Customers, supported by Bank Employees. Customers can Deposit Funds, Withdraw Funds, and Open Accounts. Bank Employees Proivde Service to customers. Both Deposit and Withdraw operations include an Update Balance function to maintain accurate account records.",Account Management | Banking Operations | Customer Service | Financial Transactions | Funds Management,include,Deposit Fund,usecase,Update Balance,usecase,,Bank Employee | Customer,Bank Employee | Customer,,Deposit Fund | Open Account | Proivde Service | Update Balance | Withdraw Fund,2026-02-26 18:39:57
36,Automobile Service Management System,Auto Management | Service System | Vehicle System,Automobile Service Management System,"The Automobile Service Management System facilitates interactions between Car Owners, Service Representatives, Technicians, and Service Engineers to manage vehicle service appointments, repairs, and related information. Service Representatives handle contact information and appointment booking. Technicians perform vehicle repairs, while Service Engineers inspect vehicles. The system supports spare part registration and generates service reports, potentially extending appointment booking when service is required, and includes spare part registration within the appointment process.",Appointment Scheduling | Automotive Service Management | Customer Relationship Management | Spare Parts Inventory | Vehicle Maintenance,association,Service Representative,actor,Register Contact Information,usecase,,Car Owner | Service Engineer | Service Representative | Technician,Car Owner | Service Engineer | Service Representative | Technician,,Book Appointment | Book Service Appointment | Generate Service Report | Inspect Vehicle | Register Contact Information | Register Spare Part | Repair Vehicle,2026-02-26 18:40:16
36,Automobile Service Management System,Auto Management | Service System | Vehicle System,Automobile Service Management System,"The Automobile Service Management System facilitates interactions between Car Owners, Service Representatives, Technicians, and Service Engineers to manage vehicle service appointments, repairs, and related information. Service Representatives handle contact information and appointment booking. Technicians perform vehicle repairs, while Service Engineers inspect vehicles. The system supports spare part registration and generates service reports, potentially extending appointment booking when service is required, and includes spare part registration within the appointment process.",Appointment Scheduling | Automotive Service Management | Customer Relationship Management | Spare Parts Inventory | Vehicle Maintenance,association,Service Representative,actor,Book Appointment,usecase,,Car Owner | Service Engineer | Service Representative | Technician,Car Owner | Service Engineer | Service Representative | Technician,,Book Appointment | Book Service Appointment | Generate Service Report | Inspect Vehicle | Register Contact Information | Register Spare Part | Repair Vehicle,2026-02-26 18:40:16
36,Automobile Service Management System,Auto Management | Service System | Vehicle System,Automobile Service Management System,"The Automobile Service Management System facilitates interactions between Car Owners, Service Representatives, Technicians, and Service Engineers to manage vehicle service appointments, repairs, and related information. Service Representatives handle contact information and appointment booking. Technicians perform vehicle repairs, while Service Engineers inspect vehicles. The system supports spare part registration and generates service reports, potentially extending appointment booking when service is required, and includes spare part registration within the appointment process.",Appointment Scheduling | Automotive Service Management | Customer Relationship Management | Spare Parts Inventory | Vehicle Maintenance,association,Car Owner,actor,Book Service Appointment,usecase,,Car Owner | Service Engineer | Service Representative | Technician,Car Owner | Service Engineer | Service Representative | Technician,,Book Appointment | Book Service Appointment | Generate Service Report | Inspect Vehicle | Register Contact Information | Register Spare Part | Repair Vehicle,2026-02-26 18:40:16
36,Automobile Service Management System,Auto Management | Service System | Vehicle System,Automobile Service Management System,"The Automobile Service Management System facilitates interactions between Car Owners, Service Representatives, Technicians, and Service Engineers to manage vehicle service appointments, repairs, and related information. Service Representatives handle contact information and appointment booking. Technicians perform vehicle repairs, while Service Engineers inspect vehicles. The system supports spare part registration and generates service reports, potentially extending appointment booking when service is required, and includes spare part registration within the appointment process.",Appointment Scheduling | Automotive Service Management | Customer Relationship Management | Spare Parts Inventory | Vehicle Maintenance,association,Service Engineer,actor,Inspect Vehicle,usecase,,Car Owner | Service Engineer | Service Representative | Technician,Car Owner | Service Engineer | Service Representative | Technician,,Book Appointment | Book Service Appointment | Generate Service Report | Inspect Vehicle | Register Contact Information | Register Spare Part | Repair Vehicle,2026-02-26 18:40:16
36,Automobile Service Management System,Auto Management | Service System | Vehicle System,Automobile Service Management System,"The Automobile Service Management System facilitates interactions between Car Owners, Service Representatives, Technicians, and Service Engineers to manage vehicle service appointments, repairs, and related information. Service Representatives handle contact information and appointment booking. Technicians perform vehicle repairs, while Service Engineers inspect vehicles. The system supports spare part registration and generates service reports, potentially extending appointment booking when service is required, and includes spare part registration within the appointment process.",Appointment Scheduling | Automotive Service Management | Customer Relationship Management | Spare Parts Inventory | Vehicle Maintenance,association,Technician,actor,Repair Vehicle,usecase,,Car Owner | Service Engineer | Service Representative | Technician,Car Owner | Service Engineer | Service Representative | Technician,,Book Appointment | Book Service Appointment | Generate Service Report | Inspect Vehicle | Register Contact Information | Register Spare Part | Repair Vehicle,2026-02-26 18:40:16
36,Automobile Service Management System,Auto Management | Service System | Vehicle System,Automobile Service Management System,"The Automobile Service Management System facilitates interactions between Car Owners, Service Representatives, Technicians, and Service Engineers to manage vehicle service appointments, repairs, and related information. Service Representatives handle contact information and appointment booking. Technicians perform vehicle repairs, while Service Engineers inspect vehicles. The system supports spare part registration and generates service reports, potentially extending appointment booking when service is required, and includes spare part registration within the appointment process.",Appointment Scheduling | Automotive Service Management | Customer Relationship Management | Spare Parts Inventory | Vehicle Maintenance,association,Car Owner,actor,Register Spare Part,usecase,,Car Owner | Service Engineer | Service Representative | Technician,Car Owner | Service Engineer | Service Representative | Technician,,Book Appointment | Book Service Appointment | Generate Service Report | Inspect Vehicle | Register Contact Information | Register Spare Part | Repair Vehicle,2026-02-26 18:40:16
36,Automobile Service Management System,Auto Management | Service System | Vehicle System,Automobile Service Management System,"The Automobile Service Management System facilitates interactions between Car Owners, Service Representatives, Technicians, and Service Engineers to manage vehicle service appointments, repairs, and related information. Service Representatives handle contact information and appointment booking. Technicians perform vehicle repairs, while Service Engineers inspect vehicles. The system supports spare part registration and generates service reports, potentially extending appointment booking when service is required, and includes spare part registration within the appointment process.",Appointment Scheduling | Automotive Service Management | Customer Relationship Management | Spare Parts Inventory | Vehicle Maintenance,extend,Generate Service Report,usecase,Book Service Appointment,usecase,When Service is Required,Car Owner | Service Engineer | Service Representative | Technician,Car Owner | Service Engineer | Service Representative | Technician,,Book Appointment | Book Service Appointment | Generate Service Report | Inspect Vehicle | Register Contact Information | Register Spare Part | Repair Vehicle,2026-02-26 18:40:16
36,Automobile Service Management System,Auto Management | Service System | Vehicle System,Automobile Service Management System,"The Automobile Service Management System facilitates interactions between Car Owners, Service Representatives, Technicians, and Service Engineers to manage vehicle service appointments, repairs, and related information. Service Representatives handle contact information and appointment booking. Technicians perform vehicle repairs, while Service Engineers inspect vehicles. The system supports spare part registration and generates service reports, potentially extending appointment booking when service is required, and includes spare part registration within the appointment process.",Appointment Scheduling | Automotive Service Management | Customer Relationship Management | Spare Parts Inventory | Vehicle Maintenance,include,Register Spare Part,usecase,Book Service Appointment,usecase,,Car Owner | Service Engineer | Service Representative | Technician,Car Owner | Service Engineer | Service Representative | Technician,,Book Appointment | Book Service Appointment | Generate Service Report | Inspect Vehicle | Register Contact Information | Register Spare Part | Repair Vehicle,2026-02-26 18:40:16
37,Clinic Management,Healthcare System | Clinic System | Medical Center,Clinic Management,"The Clinic Management system facilitates interactions between Doctors, Nurses, and Patients to manage patient information, appointments, and medical records. Doctors can view patient histories and give prescriptions. Nurses can print reports. Patients can schedule appointments and enter their own information. The system also records visit information, which is included as part of the appointment scheduling process.",Clinical Reporting | Healthcare Information Management | Medical Records Management | Patient Scheduling | Prescription Management,association,Nurse,actor,Print Report,usecase,,Doctor | Nurse | Patient,Doctor | Nurse | Patient,,Enter Patient Information | Give Prescription | Print Report | Record Visit Information | Schedule Appointment | View Patient History,2026-02-26 18:40:39
37,Clinic Management,Healthcare System | Clinic System | Medical Center,Clinic Management,"The Clinic Management system facilitates interactions between Doctors, Nurses, and Patients to manage patient information, appointments, and medical records. Doctors can view patient histories and give prescriptions. Nurses can print reports. Patients can schedule appointments and enter their own information. The system also records visit information, which is included as part of the appointment scheduling process.",Clinical Reporting | Healthcare Information Management | Medical Records Management | Patient Scheduling | Prescription Management,association,Doctor,actor,View Patient History,usecase,,Doctor | Nurse | Patient,Doctor | Nurse | Patient,,Enter Patient Information | Give Prescription | Print Report | Record Visit Information | Schedule Appointment | View Patient History,2026-02-26 18:40:39
37,Clinic Management,Healthcare System | Clinic System | Medical Center,Clinic Management,"The Clinic Management system facilitates interactions between Doctors, Nurses, and Patients to manage patient information, appointments, and medical records. Doctors can view patient histories and give prescriptions. Nurses can print reports. Patients can schedule appointments and enter their own information. The system also records visit information, which is included as part of the appointment scheduling process.",Clinical Reporting | Healthcare Information Management | Medical Records Management | Patient Scheduling | Prescription Management,association,Doctor,actor,Give Prescription,usecase,,Doctor | Nurse | Patient,Doctor | Nurse | Patient,,Enter Patient Information | Give Prescription | Print Report | Record Visit Information | Schedule Appointment | View Patient History,2026-02-26 18:40:39
37,Clinic Management,Healthcare System | Clinic System | Medical Center,Clinic Management,"The Clinic Management system facilitates interactions between Doctors, Nurses, and Patients to manage patient information, appointments, and medical records. Doctors can view patient histories and give prescriptions. Nurses can print reports. Patients can schedule appointments and enter their own information. The system also records visit information, which is included as part of the appointment scheduling process.",Clinical Reporting | Healthcare Information Management | Medical Records Management | Patient Scheduling | Prescription Management,association,Patient,actor,Schedule Appointment,usecase,,Doctor | Nurse | Patient,Doctor | Nurse | Patient,,Enter Patient Information | Give Prescription | Print Report | Record Visit Information | Schedule Appointment | View Patient History,2026-02-26 18:40:39
37,Clinic Management,Healthcare System | Clinic System | Medical Center,Clinic Management,"The Clinic Management system facilitates interactions between Doctors, Nurses, and Patients to manage patient information, appointments, and medical records. Doctors can view patient histories and give prescriptions. Nurses can print reports. Patients can schedule appointments and enter their own information. The system also records visit information, which is included as part of the appointment scheduling process.",Clinical Reporting | Healthcare Information Management | Medical Records Management | Patient Scheduling | Prescription Management,association,Patient,actor,Enter Patient Information,usecase,,Doctor | Nurse | Patient,Doctor | Nurse | Patient,,Enter Patient Information | Give Prescription | Print Report | Record Visit Information | Schedule Appointment | View Patient History,2026-02-26 18:40:39
37,Clinic Management,Healthcare System | Clinic System | Medical Center,Clinic Management,"The Clinic Management system facilitates interactions between Doctors, Nurses, and Patients to manage patient information, appointments, and medical records. Doctors can view patient histories and give prescriptions. Nurses can print reports. Patients can schedule appointments and enter their own information. The system also records visit information, which is included as part of the appointment scheduling process.",Clinical Reporting | Healthcare Information Management | Medical Records Management | Patient Scheduling | Prescription Management,include,Schedule Appointment,usecase,Record Visit Information,usecase,,Doctor | Nurse | Patient,Doctor | Nurse | Patient,,Enter Patient Information | Give Prescription | Print Report | Record Visit Information | Schedule Appointment | View Patient History,2026-02-26 18:40:39
38,Car Maintenance,Vehicle Maintenance | Auto Care,Car Maintenance,"The Car Maintenance system facilitates the process of vehicle repair and upkeep. Customers initiate requests for maintenance, potentially filing insurance claims and making payments. Mechanics perform the maintenance work, sometimes requiring parts to be ordered and shipped. The Service Center manages activities, delivers cars, receives payments, and handles part logistics. The system also includes invoice generation and activity monitoring.",Automotive Maintenance | Insurance Claim Management | Parts Ordering and Logistics | Payment Processing | Vehicle Repair Services,association,Service Center,actor,Monitor Activity,usecase,,Customer | Mechanic | Service Center,Customer | Mechanic,Service Center,Claim Insurance | Deliver Car | Make Payment | Monitor Activity | Order Part | Perform Maintenance | Raise Request | Receive Payment | Send Invoice | Ship Part,2026-02-26 18:40:59
38,Car Maintenance,Vehicle Maintenance | Auto Care,Car Maintenance,"The Car Maintenance system facilitates the process of vehicle repair and upkeep. Customers initiate requests for maintenance, potentially filing insurance claims and making payments. Mechanics perform the maintenance work, sometimes requiring parts to be ordered and shipped. The Service Center manages activities, delivers cars, receives payments, and handles part logistics. The system also includes invoice generation and activity monitoring.",Automotive Maintenance | Insurance Claim Management | Parts Ordering and Logistics | Payment Processing | Vehicle Repair Services,association,Service Center,actor,Deliver Car,usecase,,Customer | Mechanic | Service Center,Customer | Mechanic,Service Center,Claim Insurance | Deliver Car | Make Payment | Monitor Activity | Order Part | Perform Maintenance | Raise Request | Receive Payment | Send Invoice | Ship Part,2026-02-26 18:40:59
38,Car Maintenance,Vehicle Maintenance | Auto Care,Car Maintenance,"The Car Maintenance system facilitates the process of vehicle repair and upkeep. Customers initiate requests for maintenance, potentially filing insurance claims and making payments. Mechanics perform the maintenance work, sometimes requiring parts to be ordered and shipped. The Service Center manages activities, delivers cars, receives payments, and handles part logistics. The system also includes invoice generation and activity monitoring.",Automotive Maintenance | Insurance Claim Management | Parts Ordering and Logistics | Payment Processing | Vehicle Repair Services,association,Service Center,actor,Receive Payment,usecase,,Customer | Mechanic | Service Center,Customer | Mechanic,Service Center,Claim Insurance | Deliver Car | Make Payment | Monitor Activity | Order Part | Perform Maintenance | Raise Request | Receive Payment | Send Invoice | Ship Part,2026-02-26 18:40:59
38,Car Maintenance,Vehicle Maintenance | Auto Care,Car Maintenance,"The Car Maintenance system facilitates the process of vehicle repair and upkeep. Customers initiate requests for maintenance, potentially filing insurance claims and making payments. Mechanics perform the maintenance work, sometimes requiring parts to be ordered and shipped. The Service Center manages activities, delivers cars, receives payments, and handles part logistics. The system also includes invoice generation and activity monitoring.",Automotive Maintenance | Insurance Claim Management | Parts Ordering and Logistics | Payment Processing | Vehicle Repair Services,association,Service Center,actor,Ship Part,usecase,,Customer | Mechanic | Service Center,Customer | Mechanic,Service Center,Claim Insurance | Deliver Car | Make Payment | Monitor Activity | Order Part | Perform Maintenance | Raise Request | Receive Payment | Send Invoice | Ship Part,2026-02-26 18:40:59
38,Car Maintenance,Vehicle Maintenance | Auto Care,Car Maintenance,"The Car Maintenance system facilitates the process of vehicle repair and upkeep. Customers initiate requests for maintenance, potentially filing insurance claims and making payments. Mechanics perform the maintenance work, sometimes requiring parts to be ordered and shipped. The Service Center manages activities, delivers cars, receives payments, and handles part logistics. The system also includes invoice generation and activity monitoring.",Automotive Maintenance | Insurance Claim Management | Parts Ordering and Logistics | Payment Processing | Vehicle Repair Services,association,Service Center,actor,Order Part,usecase,,Customer | Mechanic | Service Center,Customer | Mechanic,Service Center,Claim Insurance | Deliver Car | Make Payment | Monitor Activity | Order Part | Perform Maintenance | Raise Request | Receive Payment | Send Invoice | Ship Part,2026-02-26 18:40:59
38,Car Maintenance,Vehicle Maintenance | Auto Care,Car Maintenance,"The Car Maintenance system facilitates the process of vehicle repair and upkeep. Customers initiate requests for maintenance, potentially filing insurance claims and making payments. Mechanics perform the maintenance work, sometimes requiring parts to be ordered and shipped. The Service Center manages activities, delivers cars, receives payments, and handles part logistics. The system also includes invoice generation and activity monitoring.",Automotive Maintenance | Insurance Claim Management | Parts Ordering and Logistics | Payment Processing | Vehicle Repair Services,association,Customer,actor,Claim Insurance,usecase,,Customer | Mechanic | Service Center,Customer | Mechanic,Service Center,Claim Insurance | Deliver Car | Make Payment | Monitor Activity | Order Part | Perform Maintenance | Raise Request | Receive Payment | Send Invoice | Ship Part,2026-02-26 18:40:59
38,Car Maintenance,Vehicle Maintenance | Auto Care,Car Maintenance,"The Car Maintenance system facilitates the process of vehicle repair and upkeep. Customers initiate requests for maintenance, potentially filing insurance claims and making payments. Mechanics perform the maintenance work, sometimes requiring parts to be ordered and shipped. The Service Center manages activities, delivers cars, receives payments, and handles part logistics. The system also includes invoice generation and activity monitoring.",Automotive Maintenance | Insurance Claim Management | Parts Ordering and Logistics | Payment Processing | Vehicle Repair Services,association,Customer,actor,Make Payment,usecase,,Customer | Mechanic | Service Center,Customer | Mechanic,Service Center,Claim Insurance | Deliver Car | Make Payment | Monitor Activity | Order Part | Perform Maintenance | Raise Request | Receive Payment | Send Invoice | Ship Part,2026-02-26 18:40:59
38,Car Maintenance,Vehicle Maintenance | Auto Care,Car Maintenance,"The Car Maintenance system facilitates the process of vehicle repair and upkeep. Customers initiate requests for maintenance, potentially filing insurance claims and making payments. Mechanics perform the maintenance work, sometimes requiring parts to be ordered and shipped. The Service Center manages activities, delivers cars, receives payments, and handles part logistics. The system also includes invoice generation and activity monitoring.",Automotive Maintenance | Insurance Claim Management | Parts Ordering and Logistics | Payment Processing | Vehicle Repair Services,association,Mechanic,actor,Perform Maintenance,usecase,,Customer | Mechanic | Service Center,Customer | Mechanic,Service Center,Claim Insurance | Deliver Car | Make Payment | Monitor Activity | Order Part | Perform Maintenance | Raise Request | Receive Payment | Send Invoice | Ship Part,2026-02-26 18:40:59
38,Car Maintenance,Vehicle Maintenance | Auto Care,Car Maintenance,"The Car Maintenance system facilitates the process of vehicle repair and upkeep. Customers initiate requests for maintenance, potentially filing insurance claims and making payments. Mechanics perform the maintenance work, sometimes requiring parts to be ordered and shipped. The Service Center manages activities, delivers cars, receives payments, and handles part logistics. The system also includes invoice generation and activity monitoring.",Automotive Maintenance | Insurance Claim Management | Parts Ordering and Logistics | Payment Processing | Vehicle Repair Services,association,Customer,actor,Raise Request,usecase,,Customer | Mechanic | Service Center,Customer | Mechanic,Service Center,Claim Insurance | Deliver Car | Make Payment | Monitor Activity | Order Part | Perform Maintenance | Raise Request | Receive Payment | Send Invoice | Ship Part,2026-02-26 18:40:59
38,Car Maintenance,Vehicle Maintenance | Auto Care,Car Maintenance,"The Car Maintenance system facilitates the process of vehicle repair and upkeep. Customers initiate requests for maintenance, potentially filing insurance claims and making payments. Mechanics perform the maintenance work, sometimes requiring parts to be ordered and shipped. The Service Center manages activities, delivers cars, receives payments, and handles part logistics. The system also includes invoice generation and activity monitoring.",Automotive Maintenance | Insurance Claim Management | Parts Ordering and Logistics | Payment Processing | Vehicle Repair Services,extend,Order Part,usecase,Perform Maintenance,usecase,When part is missing,Customer | Mechanic | Service Center,Customer | Mechanic,Service Center,Claim Insurance | Deliver Car | Make Payment | Monitor Activity | Order Part | Perform Maintenance | Raise Request | Receive Payment | Send Invoice | Ship Part,2026-02-26 18:40:59
38,Car Maintenance,Vehicle Maintenance | Auto Care,Car Maintenance,"The Car Maintenance system facilitates the process of vehicle repair and upkeep. Customers initiate requests for maintenance, potentially filing insurance claims and making payments. Mechanics perform the maintenance work, sometimes requiring parts to be ordered and shipped. The Service Center manages activities, delivers cars, receives payments, and handles part logistics. The system also includes invoice generation and activity monitoring.",Automotive Maintenance | Insurance Claim Management | Parts Ordering and Logistics | Payment Processing | Vehicle Repair Services,include,Monitor Activity,usecase,Send Invoice,usecase,,Customer | Mechanic | Service Center,Customer | Mechanic,Service Center,Claim Insurance | Deliver Car | Make Payment | Monitor Activity | Order Part | Perform Maintenance | Raise Request | Receive Payment | Send Invoice | Ship Part,2026-02-26 18:40:59
39,Lab  Testing System,Testing System | Lab System,Lab  Testing System,"The Lab Testing System facilitates the process of patient assessment, test prescription, test performance, and result delivery. Medical Officers assess patients, prescribe medication and tests. Patients fill out forms and undergo testing. Lab Technicians perform tests and provide results. The system supports the interaction between these stakeholders to manage the lab testing workflow.",Healthcare Administration | Laboratory Information Management | Medical Testing | Patient Management | Prescription Management,association,Medical Officer,actor,Prescribe Medication,usecase,,Lab Technician | Medical Officer | Patient,Lab Technician | Medical Officer | Patient,,Assess Patient | Fill Form | Give Result | Perform Test | Prescribe Medication | Prescribe Test,2026-02-26 18:41:20
39,Lab  Testing System,Testing System | Lab System,Lab  Testing System,"The Lab Testing System facilitates the process of patient assessment, test prescription, test performance, and result delivery. Medical Officers assess patients, prescribe medication and tests. Patients fill out forms and undergo testing. Lab Technicians perform tests and provide results. The system supports the interaction between these stakeholders to manage the lab testing workflow.",Healthcare Administration | Laboratory Information Management | Medical Testing | Patient Management | Prescription Management,association,Medical Officer,actor,Assess Patient,usecase,,Lab Technician | Medical Officer | Patient,Lab Technician | Medical Officer | Patient,,Assess Patient | Fill Form | Give Result | Perform Test | Prescribe Medication | Prescribe Test,2026-02-26 18:41:20
39,Lab  Testing System,Testing System | Lab System,Lab  Testing System,"The Lab Testing System facilitates the process of patient assessment, test prescription, test performance, and result delivery. Medical Officers assess patients, prescribe medication and tests. Patients fill out forms and undergo testing. Lab Technicians perform tests and provide results. The system supports the interaction between these stakeholders to manage the lab testing workflow.",Healthcare Administration | Laboratory Information Management | Medical Testing | Patient Management | Prescription Management,association,Medical Officer,actor,Prescribe Test,usecase,,Lab Technician | Medical Officer | Patient,Lab Technician | Medical Officer | Patient,,Assess Patient | Fill Form | Give Result | Perform Test | Prescribe Medication | Prescribe Test,2026-02-26 18:41:20
39,Lab  Testing System,Testing System | Lab System,Lab  Testing System,"The Lab Testing System facilitates the process of patient assessment, test prescription, test performance, and result delivery. Medical Officers assess patients, prescribe medication and tests. Patients fill out forms and undergo testing. Lab Technicians perform tests and provide results. The system supports the interaction between these stakeholders to manage the lab testing workflow.",Healthcare Administration | Laboratory Information Management | Medical Testing | Patient Management | Prescription Management,association,Lab Technician,actor,Give Result,usecase,,Lab Technician | Medical Officer | Patient,Lab Technician | Medical Officer | Patient,,Assess Patient | Fill Form | Give Result | Perform Test | Prescribe Medication | Prescribe Test,2026-02-26 18:41:20
39,Lab  Testing System,Testing System | Lab System,Lab  Testing System,"The Lab Testing System facilitates the process of patient assessment, test prescription, test performance, and result delivery. Medical Officers assess patients, prescribe medication and tests. Patients fill out forms and undergo testing. Lab Technicians perform tests and provide results. The system supports the interaction between these stakeholders to manage the lab testing workflow.",Healthcare Administration | Laboratory Information Management | Medical Testing | Patient Management | Prescription Management,association,Lab Technician,actor,Perform Test,usecase,,Lab Technician | Medical Officer | Patient,Lab Technician | Medical Officer | Patient,,Assess Patient | Fill Form | Give Result | Perform Test | Prescribe Medication | Prescribe Test,2026-02-26 18:41:20
39,Lab  Testing System,Testing System | Lab System,Lab  Testing System,"The Lab Testing System facilitates the process of patient assessment, test prescription, test performance, and result delivery. Medical Officers assess patients, prescribe medication and tests. Patients fill out forms and undergo testing. Lab Technicians perform tests and provide results. The system supports the interaction between these stakeholders to manage the lab testing workflow.",Healthcare Administration | Laboratory Information Management | Medical Testing | Patient Management | Prescription Management,association,Patient,actor,Perform Test,usecase,,Lab Technician | Medical Officer | Patient,Lab Technician | Medical Officer | Patient,,Assess Patient | Fill Form | Give Result | Perform Test | Prescribe Medication | Prescribe Test,2026-02-26 18:41:20
39,Lab  Testing System,Testing System | Lab System,Lab  Testing System,"The Lab Testing System facilitates the process of patient assessment, test prescription, test performance, and result delivery. Medical Officers assess patients, prescribe medication and tests. Patients fill out forms and undergo testing. Lab Technicians perform tests and provide results. The system supports the interaction between these stakeholders to manage the lab testing workflow.",Healthcare Administration | Laboratory Information Management | Medical Testing | Patient Management | Prescription Management,association,Patient,actor,Fill Form,usecase,,Lab Technician | Medical Officer | Patient,Lab Technician | Medical Officer | Patient,,Assess Patient | Fill Form | Give Result | Perform Test | Prescribe Medication | Prescribe Test,2026-02-26 18:41:20
40,Course Registration,Registration System | Course System,Course Registration,"The Course Registration system facilitates the process of students enrolling in college, selecting courses, and registering for those courses. Professors are involved in course selection, and the Registrar manages the closing of registration. Students can also drop courses, potentially extending the registration process based on change requirements.",Academic Registration | Course Management | Educational Services | Higher Education Administration | Student Information Systems,association,Student,actor,Register For Course,usecase,,Professor | Registrar | Student,Professor | Registrar | Student,,Close Registration | Drop Course | Enrol In College | Register For Course | Select Course,2026-02-26 18:41:34
40,Course Registration,Registration System | Course System,Course Registration,"The Course Registration system facilitates the process of students enrolling in college, selecting courses, and registering for those courses. Professors are involved in course selection, and the Registrar manages the closing of registration. Students can also drop courses, potentially extending the registration process based on change requirements.",Academic Registration | Course Management | Educational Services | Higher Education Administration | Student Information Systems,association,Professor,actor,Select Course,usecase,,Professor | Registrar | Student,Professor | Registrar | Student,,Close Registration | Drop Course | Enrol In College | Register For Course | Select Course,2026-02-26 18:41:34
40,Course Registration,Registration System | Course System,Course Registration,"The Course Registration system facilitates the process of students enrolling in college, selecting courses, and registering for those courses. Professors are involved in course selection, and the Registrar manages the closing of registration. Students can also drop courses, potentially extending the registration process based on change requirements.",Academic Registration | Course Management | Educational Services | Higher Education Administration | Student Information Systems,association,Registrar,actor,Close Registration,usecase,,Professor | Registrar | Student,Professor | Registrar | Student,,Close Registration | Drop Course | Enrol In College | Register For Course | Select Course,2026-02-26 18:41:34
40,Course Registration,Registration System | Course System,Course Registration,"The Course Registration system facilitates the process of students enrolling in college, selecting courses, and registering for those courses. Professors are involved in course selection, and the Registrar manages the closing of registration. Students can also drop courses, potentially extending the registration process based on change requirements.",Academic Registration | Course Management | Educational Services | Higher Education Administration | Student Information Systems,association,Student,actor,Enrol In College,usecase,,Professor | Registrar | Student,Professor | Registrar | Student,,Close Registration | Drop Course | Enrol In College | Register For Course | Select Course,2026-02-26 18:41:34
40,Course Registration,Registration System | Course System,Course Registration,"The Course Registration system facilitates the process of students enrolling in college, selecting courses, and registering for those courses. Professors are involved in course selection, and the Registrar manages the closing of registration. Students can also drop courses, potentially extending the registration process based on change requirements.",Academic Registration | Course Management | Educational Services | Higher Education Administration | Student Information Systems,extend,Drop Course,usecase,Register For Course,usecase,When change is required,Professor | Registrar | Student,Professor | Registrar | Student,,Close Registration | Drop Course | Enrol In College | Register For Course | Select Course,2026-02-26 18:41:34
40,Course Registration,Registration System | Course System,Course Registration,"The Course Registration system facilitates the process of students enrolling in college, selecting courses, and registering for those courses. Professors are involved in course selection, and the Registrar manages the closing of registration. Students can also drop courses, potentially extending the registration process based on change requirements.",Academic Registration | Course Management | Educational Services | Higher Education Administration | Student Information Systems,include,Enrol In College,usecase,Register For Course,usecase,,Professor | Registrar | Student,Professor | Registrar | Student,,Close Registration | Drop Course | Enrol In College | Register For Course | Select Course,2026-02-26 18:41:34
41,Flight Reservation System,Reservation System | Flight System,Flight Reservation System,"The Flight Reservation System facilitates booking, managing, and modifying flight reservations. Customers can search for and book tickets. Agents assist passengers and manage reservations. Administrators handle user accounts, flight schedules, and technical issues. The system includes functionality for checking flight availability, editing bookings, and cancelling reservations, with the latter optionally triggering reservation management.",Airline Reservation | Customer Service | Flight Operations | Travel Management | User Account Management,association,Agent,actor,Manage Reservation,usecase,,Administrator | Agent | Customer,Administrator | Agent | Customer,,Assist Passenger | Book Ticket | Cancel Booking | Check Availability | Edit Booking | Manage Flight Schedule | Manage Reservation | Manage User Account | Resolve Technical Issue | Search Flight,2026-02-26 18:41:53
41,Flight Reservation System,Reservation System | Flight System,Flight Reservation System,"The Flight Reservation System facilitates booking, managing, and modifying flight reservations. Customers can search for and book tickets. Agents assist passengers and manage reservations. Administrators handle user accounts, flight schedules, and technical issues. The system includes functionality for checking flight availability, editing bookings, and cancelling reservations, with the latter optionally triggering reservation management.",Airline Reservation | Customer Service | Flight Operations | Travel Management | User Account Management,association,Administrator,actor,Resolve Technical Issue,usecase,,Administrator | Agent | Customer,Administrator | Agent | Customer,,Assist Passenger | Book Ticket | Cancel Booking | Check Availability | Edit Booking | Manage Flight Schedule | Manage Reservation | Manage User Account | Resolve Technical Issue | Search Flight,2026-02-26 18:41:53
41,Flight Reservation System,Reservation System | Flight System,Flight Reservation System,"The Flight Reservation System facilitates booking, managing, and modifying flight reservations. Customers can search for and book tickets. Agents assist passengers and manage reservations. Administrators handle user accounts, flight schedules, and technical issues. The system includes functionality for checking flight availability, editing bookings, and cancelling reservations, with the latter optionally triggering reservation management.",Airline Reservation | Customer Service | Flight Operations | Travel Management | User Account Management,association,Administrator,actor,Manage User Account,usecase,,Administrator | Agent | Customer,Administrator | Agent | Customer,,Assist Passenger | Book Ticket | Cancel Booking | Check Availability | Edit Booking | Manage Flight Schedule | Manage Reservation | Manage User Account | Resolve Technical Issue | Search Flight,2026-02-26 18:41:53
41,Flight Reservation System,Reservation System | Flight System,Flight Reservation System,"The Flight Reservation System facilitates booking, managing, and modifying flight reservations. Customers can search for and book tickets. Agents assist passengers and manage reservations. Administrators handle user accounts, flight schedules, and technical issues. The system includes functionality for checking flight availability, editing bookings, and cancelling reservations, with the latter optionally triggering reservation management.",Airline Reservation | Customer Service | Flight Operations | Travel Management | User Account Management,association,Administrator,actor,Manage Flight Schedule,usecase,,Administrator | Agent | Customer,Administrator | Agent | Customer,,Assist Passenger | Book Ticket | Cancel Booking | Check Availability | Edit Booking | Manage Flight Schedule | Manage Reservation | Manage User Account | Resolve Technical Issue | Search Flight,2026-02-26 18:41:53
41,Flight Reservation System,Reservation System | Flight System,Flight Reservation System,"The Flight Reservation System facilitates booking, managing, and modifying flight reservations. Customers can search for and book tickets. Agents assist passengers and manage reservations. Administrators handle user accounts, flight schedules, and technical issues. The system includes functionality for checking flight availability, editing bookings, and cancelling reservations, with the latter optionally triggering reservation management.",Airline Reservation | Customer Service | Flight Operations | Travel Management | User Account Management,association,Agent,actor,Edit Booking,usecase,,Administrator | Agent | Customer,Administrator | Agent | Customer,,Assist Passenger | Book Ticket | Cancel Booking | Check Availability | Edit Booking | Manage Flight Schedule | Manage Reservation | Manage User Account | Resolve Technical Issue | Search Flight,2026-02-26 18:41:53
41,Flight Reservation System,Reservation System | Flight System,Flight Reservation System,"The Flight Reservation System facilitates booking, managing, and modifying flight reservations. Customers can search for and book tickets. Agents assist passengers and manage reservations. Administrators handle user accounts, flight schedules, and technical issues. The system includes functionality for checking flight availability, editing bookings, and cancelling reservations, with the latter optionally triggering reservation management.",Airline Reservation | Customer Service | Flight Operations | Travel Management | User Account Management,association,Agent,actor,Assist Passenger,usecase,,Administrator | Agent | Customer,Administrator | Agent | Customer,,Assist Passenger | Book Ticket | Cancel Booking | Check Availability | Edit Booking | Manage Flight Schedule | Manage Reservation | Manage User Account | Resolve Technical Issue | Search Flight,2026-02-26 18:41:53
41,Flight Reservation System,Reservation System | Flight System,Flight Reservation System,"The Flight Reservation System facilitates booking, managing, and modifying flight reservations. Customers can search for and book tickets. Agents assist passengers and manage reservations. Administrators handle user accounts, flight schedules, and technical issues. The system includes functionality for checking flight availability, editing bookings, and cancelling reservations, with the latter optionally triggering reservation management.",Airline Reservation | Customer Service | Flight Operations | Travel Management | User Account Management,association,Customer,actor,Book Ticket,usecase,,Administrator | Agent | Customer,Administrator | Agent | Customer,,Assist Passenger | Book Ticket | Cancel Booking | Check Availability | Edit Booking | Manage Flight Schedule | Manage Reservation | Manage User Account | Resolve Technical Issue | Search Flight,2026-02-26 18:41:53
41,Flight Reservation System,Reservation System | Flight System,Flight Reservation System,"The Flight Reservation System facilitates booking, managing, and modifying flight reservations. Customers can search for and book tickets. Agents assist passengers and manage reservations. Administrators handle user accounts, flight schedules, and technical issues. The system includes functionality for checking flight availability, editing bookings, and cancelling reservations, with the latter optionally triggering reservation management.",Airline Reservation | Customer Service | Flight Operations | Travel Management | User Account Management,association,Customer,actor,Search Flight,usecase,,Administrator | Agent | Customer,Administrator | Agent | Customer,,Assist Passenger | Book Ticket | Cancel Booking | Check Availability | Edit Booking | Manage Flight Schedule | Manage Reservation | Manage User Account | Resolve Technical Issue | Search Flight,2026-02-26 18:41:53
41,Flight Reservation System,Reservation System | Flight System,Flight Reservation System,"The Flight Reservation System facilitates booking, managing, and modifying flight reservations. Customers can search for and book tickets. Agents assist passengers and manage reservations. Administrators handle user accounts, flight schedules, and technical issues. The system includes functionality for checking flight availability, editing bookings, and cancelling reservations, with the latter optionally triggering reservation management.",Airline Reservation | Customer Service | Flight Operations | Travel Management | User Account Management,extend,Cancel Booking,usecase,Manage Reservation,usecase,When the booking needs to be cancelled,Administrator | Agent | Customer,Administrator | Agent | Customer,,Assist Passenger | Book Ticket | Cancel Booking | Check Availability | Edit Booking | Manage Flight Schedule | Manage Reservation | Manage User Account | Resolve Technical Issue | Search Flight,2026-02-26 18:41:53
41,Flight Reservation System,Reservation System | Flight System,Flight Reservation System,"The Flight Reservation System facilitates booking, managing, and modifying flight reservations. Customers can search for and book tickets. Agents assist passengers and manage reservations. Administrators handle user accounts, flight schedules, and technical issues. The system includes functionality for checking flight availability, editing bookings, and cancelling reservations, with the latter optionally triggering reservation management.",Airline Reservation | Customer Service | Flight Operations | Travel Management | User Account Management,include,Assist Passenger,usecase,Check Availability,usecase,,Administrator | Agent | Customer,Administrator | Agent | Customer,,Assist Passenger | Book Ticket | Cancel Booking | Check Availability | Edit Booking | Manage Flight Schedule | Manage Reservation | Manage User Account | Resolve Technical Issue | Search Flight,2026-02-26 18:41:53
42,Loan Management,Mortgage System | Loan System,Loan Management,"The Loan Management system facilitates the loan application and approval process. Loan Officers utilize the system to check applicant eligibility, credit history, and assess home values, ultimately sanctioning loans. Home Buyers interact with the system to process mortgage and loan applications. The system serves as a central platform for managing the loan lifecycle, from initial application to final approval.",Credit Risk Assessment | Financial Services | Home Finance | Loan Origination | Mortgage Lending,association,Loan Officer,actor,Sanction Loan,usecase,,Home Buyer | Loan Officer,Home Buyer | Loan Officer,,Assess Home Value | Check Credit History | Check Eligibility | Process Loan Application | Process Mortgage Application | Sanction Loan,2026-02-26 18:42:14
42,Loan Management,Mortgage System | Loan System,Loan Management,"The Loan Management system facilitates the loan application and approval process. Loan Officers utilize the system to check applicant eligibility, credit history, and assess home values, ultimately sanctioning loans. Home Buyers interact with the system to process mortgage and loan applications. The system serves as a central platform for managing the loan lifecycle, from initial application to final approval.",Credit Risk Assessment | Financial Services | Home Finance | Loan Origination | Mortgage Lending,association,Loan Officer,actor,Check Eligibility,usecase,,Home Buyer | Loan Officer,Home Buyer | Loan Officer,,Assess Home Value | Check Credit History | Check Eligibility | Process Loan Application | Process Mortgage Application | Sanction Loan,2026-02-26 18:42:14
42,Loan Management,Mortgage System | Loan System,Loan Management,"The Loan Management system facilitates the loan application and approval process. Loan Officers utilize the system to check applicant eligibility, credit history, and assess home values, ultimately sanctioning loans. Home Buyers interact with the system to process mortgage and loan applications. The system serves as a central platform for managing the loan lifecycle, from initial application to final approval.",Credit Risk Assessment | Financial Services | Home Finance | Loan Origination | Mortgage Lending,association,Loan Officer,actor,Check Credit History,usecase,,Home Buyer | Loan Officer,Home Buyer | Loan Officer,,Assess Home Value | Check Credit History | Check Eligibility | Process Loan Application | Process Mortgage Application | Sanction Loan,2026-02-26 18:42:14
42,Loan Management,Mortgage System | Loan System,Loan Management,"The Loan Management system facilitates the loan application and approval process. Loan Officers utilize the system to check applicant eligibility, credit history, and assess home values, ultimately sanctioning loans. Home Buyers interact with the system to process mortgage and loan applications. The system serves as a central platform for managing the loan lifecycle, from initial application to final approval.",Credit Risk Assessment | Financial Services | Home Finance | Loan Origination | Mortgage Lending,association,Loan Officer,actor,Assess Home Value,usecase,,Home Buyer | Loan Officer,Home Buyer | Loan Officer,,Assess Home Value | Check Credit History | Check Eligibility | Process Loan Application | Process Mortgage Application | Sanction Loan,2026-02-26 18:42:14
42,Loan Management,Mortgage System | Loan System,Loan Management,"The Loan Management system facilitates the loan application and approval process. Loan Officers utilize the system to check applicant eligibility, credit history, and assess home values, ultimately sanctioning loans. Home Buyers interact with the system to process mortgage and loan applications. The system serves as a central platform for managing the loan lifecycle, from initial application to final approval.",Credit Risk Assessment | Financial Services | Home Finance | Loan Origination | Mortgage Lending,association,Home Buyer,actor,Process Mortgage Application,usecase,,Home Buyer | Loan Officer,Home Buyer | Loan Officer,,Assess Home Value | Check Credit History | Check Eligibility | Process Loan Application | Process Mortgage Application | Sanction Loan,2026-02-26 18:42:14
42,Loan Management,Mortgage System | Loan System,Loan Management,"The Loan Management system facilitates the loan application and approval process. Loan Officers utilize the system to check applicant eligibility, credit history, and assess home values, ultimately sanctioning loans. Home Buyers interact with the system to process mortgage and loan applications. The system serves as a central platform for managing the loan lifecycle, from initial application to final approval.",Credit Risk Assessment | Financial Services | Home Finance | Loan Origination | Mortgage Lending,association,Home Buyer,actor,Process Loan Application,usecase,,Home Buyer | Loan Officer,Home Buyer | Loan Officer,,Assess Home Value | Check Credit History | Check Eligibility | Process Loan Application | Process Mortgage Application | Sanction Loan,2026-02-26 18:42:14
43,Boarding System,System | Boarding,Boarding System,"The Boarding System manages the process of passenger boarding, involving interactions between Passengers and Ticket Clerks. Passengers handover luggage and receive tickets, while Ticket Clerks handle luggage processing, which includes assigning seats and weighing luggage. The system facilitates the efficient and organized boarding of passengers.",Airline Boarding | Luggage Handling | Passenger Services | Ticket Management | Travel Logistics,association,Ticket Clerk,actor,Handle Luggage,usecase,,Passenger | Ticket Clerk,Passenger | Ticket Clerk,,Assign Seat | Give Ticket | Handle Luggage | Handover Luggage | Weigh Luggage,2026-02-26 18:42:34
43,Boarding System,System | Boarding,Boarding System,"The Boarding System manages the process of passenger boarding, involving interactions between Passengers and Ticket Clerks. Passengers handover luggage and receive tickets, while Ticket Clerks handle luggage processing, which includes assigning seats and weighing luggage. The system facilitates the efficient and organized boarding of passengers.",Airline Boarding | Luggage Handling | Passenger Services | Ticket Management | Travel Logistics,association,Passenger,actor,Handover Luggage,usecase,,Passenger | Ticket Clerk,Passenger | Ticket Clerk,,Assign Seat | Give Ticket | Handle Luggage | Handover Luggage | Weigh Luggage,2026-02-26 18:42:34
43,Boarding System,System | Boarding,Boarding System,"The Boarding System manages the process of passenger boarding, involving interactions between Passengers and Ticket Clerks. Passengers handover luggage and receive tickets, while Ticket Clerks handle luggage processing, which includes assigning seats and weighing luggage. The system facilitates the efficient and organized boarding of passengers.",Airline Boarding | Luggage Handling | Passenger Services | Ticket Management | Travel Logistics,association,Passenger,actor,Give Ticket,usecase,,Passenger | Ticket Clerk,Passenger | Ticket Clerk,,Assign Seat | Give Ticket | Handle Luggage | Handover Luggage | Weigh Luggage,2026-02-26 18:42:34
43,Boarding System,System | Boarding,Boarding System,"The Boarding System manages the process of passenger boarding, involving interactions between Passengers and Ticket Clerks. Passengers handover luggage and receive tickets, while Ticket Clerks handle luggage processing, which includes assigning seats and weighing luggage. The system facilitates the efficient and organized boarding of passengers.",Airline Boarding | Luggage Handling | Passenger Services | Ticket Management | Travel Logistics,include,Handle Luggage,usecase,Assign Seat,usecase,,Passenger | Ticket Clerk,Passenger | Ticket Clerk,,Assign Seat | Give Ticket | Handle Luggage | Handover Luggage | Weigh Luggage,2026-02-26 18:42:34
43,Boarding System,System | Boarding,Boarding System,"The Boarding System manages the process of passenger boarding, involving interactions between Passengers and Ticket Clerks. Passengers handover luggage and receive tickets, while Ticket Clerks handle luggage processing, which includes assigning seats and weighing luggage. The system facilitates the efficient and organized boarding of passengers.",Airline Boarding | Luggage Handling | Passenger Services | Ticket Management | Travel Logistics,include,Handle Luggage,usecase,Weigh Luggage,usecase,,Passenger | Ticket Clerk,Passenger | Ticket Clerk,,Assign Seat | Give Ticket | Handle Luggage | Handover Luggage | Weigh Luggage,2026-02-26 18:42:34
44,Energy Distribution Management System,Power Management | Distribution System | Energy System,Energy Distribution Management System,"The Energy Distribution Management System facilitates the operation and monitoring of power distribution. The Grid Operator interacts with the system to record energy usage and authenticate themselves. The Control Center System is involved in selecting power sources, validating billing, and monitoring power flow. Use cases include generating reports, allocating power, checking transformer loads, activating backup lines, and selecting distribution areas. Authentication is required before selecting a power source, and billing validation includes report generation. Monitoring power flow can be extended by activating a backup line when the main power is unavailable. Transformer load checks are included in power allocation, and power flow monitoring includes transformer load checks.",Billing and Reporting | Energy Distribution | Power Grid Management | Power Supply Allocation | System Authentication,association,Grid Operator,actor,Record Energy Usage,usecase,,Control Center System | Grid Operator,Grid Operator,Control Center System,Activate Backup Line | Allocate Power Supply | Authenticate Operator | Check Transformer Load | Generate Energy Report | Monitor Power Flow | Record Energy Usage | Select Distribution Area | Select Power Source | Validate Energy Billing,2026-02-26 18:43:05
44,Energy Distribution Management System,Power Management | Distribution System | Energy System,Energy Distribution Management System,"The Energy Distribution Management System facilitates the operation and monitoring of power distribution. The Grid Operator interacts with the system to record energy usage and authenticate themselves. The Control Center System is involved in selecting power sources, validating billing, and monitoring power flow. Use cases include generating reports, allocating power, checking transformer loads, activating backup lines, and selecting distribution areas. Authentication is required before selecting a power source, and billing validation includes report generation. Monitoring power flow can be extended by activating a backup line when the main power is unavailable. Transformer load checks are included in power allocation, and power flow monitoring includes transformer load checks.",Billing and Reporting | Energy Distribution | Power Grid Management | Power Supply Allocation | System Authentication,association,Control Center System,actor,Select Power Source,usecase,,Control Center System | Grid Operator,Grid Operator,Control Center System,Activate Backup Line | Allocate Power Supply | Authenticate Operator | Check Transformer Load | Generate Energy Report | Monitor Power Flow | Record Energy Usage | Select Distribution Area | Select Power Source | Validate Energy Billing,2026-02-26 18:43:05
44,Energy Distribution Management System,Power Management | Distribution System | Energy System,Energy Distribution Management System,"The Energy Distribution Management System facilitates the operation and monitoring of power distribution. The Grid Operator interacts with the system to record energy usage and authenticate themselves. The Control Center System is involved in selecting power sources, validating billing, and monitoring power flow. Use cases include generating reports, allocating power, checking transformer loads, activating backup lines, and selecting distribution areas. Authentication is required before selecting a power source, and billing validation includes report generation. Monitoring power flow can be extended by activating a backup line when the main power is unavailable. Transformer load checks are included in power allocation, and power flow monitoring includes transformer load checks.",Billing and Reporting | Energy Distribution | Power Grid Management | Power Supply Allocation | System Authentication,association,Control Center System,actor,Validate Energy Billing,usecase,,Control Center System | Grid Operator,Grid Operator,Control Center System,Activate Backup Line | Allocate Power Supply | Authenticate Operator | Check Transformer Load | Generate Energy Report | Monitor Power Flow | Record Energy Usage | Select Distribution Area | Select Power Source | Validate Energy Billing,2026-02-26 18:43:05
44,Energy Distribution Management System,Power Management | Distribution System | Energy System,Energy Distribution Management System,"The Energy Distribution Management System facilitates the operation and monitoring of power distribution. The Grid Operator interacts with the system to record energy usage and authenticate themselves. The Control Center System is involved in selecting power sources, validating billing, and monitoring power flow. Use cases include generating reports, allocating power, checking transformer loads, activating backup lines, and selecting distribution areas. Authentication is required before selecting a power source, and billing validation includes report generation. Monitoring power flow can be extended by activating a backup line when the main power is unavailable. Transformer load checks are included in power allocation, and power flow monitoring includes transformer load checks.",Billing and Reporting | Energy Distribution | Power Grid Management | Power Supply Allocation | System Authentication,association,Control Center System,actor,Monitor Power Flow,usecase,,Control Center System | Grid Operator,Grid Operator,Control Center System,Activate Backup Line | Allocate Power Supply | Authenticate Operator | Check Transformer Load | Generate Energy Report | Monitor Power Flow | Record Energy Usage | Select Distribution Area | Select Power Source | Validate Energy Billing,2026-02-26 18:43:05
44,Energy Distribution Management System,Power Management | Distribution System | Energy System,Energy Distribution Management System,"The Energy Distribution Management System facilitates the operation and monitoring of power distribution. The Grid Operator interacts with the system to record energy usage and authenticate themselves. The Control Center System is involved in selecting power sources, validating billing, and monitoring power flow. Use cases include generating reports, allocating power, checking transformer loads, activating backup lines, and selecting distribution areas. Authentication is required before selecting a power source, and billing validation includes report generation. Monitoring power flow can be extended by activating a backup line when the main power is unavailable. Transformer load checks are included in power allocation, and power flow monitoring includes transformer load checks.",Billing and Reporting | Energy Distribution | Power Grid Management | Power Supply Allocation | System Authentication,association,Grid Operator,actor,Authenticate Operator,usecase,,Control Center System | Grid Operator,Grid Operator,Control Center System,Activate Backup Line | Allocate Power Supply | Authenticate Operator | Check Transformer Load | Generate Energy Report | Monitor Power Flow | Record Energy Usage | Select Distribution Area | Select Power Source | Validate Energy Billing,2026-02-26 18:43:05
44,Energy Distribution Management System,Power Management | Distribution System | Energy System,Energy Distribution Management System,"The Energy Distribution Management System facilitates the operation and monitoring of power distribution. The Grid Operator interacts with the system to record energy usage and authenticate themselves. The Control Center System is involved in selecting power sources, validating billing, and monitoring power flow. Use cases include generating reports, allocating power, checking transformer loads, activating backup lines, and selecting distribution areas. Authentication is required before selecting a power source, and billing validation includes report generation. Monitoring power flow can be extended by activating a backup line when the main power is unavailable. Transformer load checks are included in power allocation, and power flow monitoring includes transformer load checks.",Billing and Reporting | Energy Distribution | Power Grid Management | Power Supply Allocation | System Authentication,extend,Activate Backup Line,usecase,Monitor Power Flow,usecase,When Main Power is not Available,Control Center System | Grid Operator,Grid Operator,Control Center System,Activate Backup Line | Allocate Power Supply | Authenticate Operator | Check Transformer Load | Generate Energy Report | Monitor Power Flow | Record Energy Usage | Select Distribution Area | Select Power Source | Validate Energy Billing,2026-02-26 18:43:05
44,Energy Distribution Management System,Power Management | Distribution System | Energy System,Energy Distribution Management System,"The Energy Distribution Management System facilitates the operation and monitoring of power distribution. The Grid Operator interacts with the system to record energy usage and authenticate themselves. The Control Center System is involved in selecting power sources, validating billing, and monitoring power flow. Use cases include generating reports, allocating power, checking transformer loads, activating backup lines, and selecting distribution areas. Authentication is required before selecting a power source, and billing validation includes report generation. Monitoring power flow can be extended by activating a backup line when the main power is unavailable. Transformer load checks are included in power allocation, and power flow monitoring includes transformer load checks.",Billing and Reporting | Energy Distribution | Power Grid Management | Power Supply Allocation | System Authentication,include,Monitor Power Flow,usecase,Check Transformer Load,usecase,,Control Center System | Grid Operator,Grid Operator,Control Center System,Activate Backup Line | Allocate Power Supply | Authenticate Operator | Check Transformer Load | Generate Energy Report | Monitor Power Flow | Record Energy Usage | Select Distribution Area | Select Power Source | Validate Energy Billing,2026-02-26 18:43:05
44,Energy Distribution Management System,Power Management | Distribution System | Energy System,Energy Distribution Management System,"The Energy Distribution Management System facilitates the operation and monitoring of power distribution. The Grid Operator interacts with the system to record energy usage and authenticate themselves. The Control Center System is involved in selecting power sources, validating billing, and monitoring power flow. Use cases include generating reports, allocating power, checking transformer loads, activating backup lines, and selecting distribution areas. Authentication is required before selecting a power source, and billing validation includes report generation. Monitoring power flow can be extended by activating a backup line when the main power is unavailable. Transformer load checks are included in power allocation, and power flow monitoring includes transformer load checks.",Billing and Reporting | Energy Distribution | Power Grid Management | Power Supply Allocation | System Authentication,include,Check Transformer Load,usecase,Allocate Power Supply,usecase,,Control Center System | Grid Operator,Grid Operator,Control Center System,Activate Backup Line | Allocate Power Supply | Authenticate Operator | Check Transformer Load | Generate Energy Report | Monitor Power Flow | Record Energy Usage | Select Distribution Area | Select Power Source | Validate Energy Billing,2026-02-26 18:43:05
44,Energy Distribution Management System,Power Management | Distribution System | Energy System,Energy Distribution Management System,"The Energy Distribution Management System facilitates the operation and monitoring of power distribution. The Grid Operator interacts with the system to record energy usage and authenticate themselves. The Control Center System is involved in selecting power sources, validating billing, and monitoring power flow. Use cases include generating reports, allocating power, checking transformer loads, activating backup lines, and selecting distribution areas. Authentication is required before selecting a power source, and billing validation includes report generation. Monitoring power flow can be extended by activating a backup line when the main power is unavailable. Transformer load checks are included in power allocation, and power flow monitoring includes transformer load checks.",Billing and Reporting | Energy Distribution | Power Grid Management | Power Supply Allocation | System Authentication,include,Authenticate Operator,usecase,Select Power Source,usecase,,Control Center System | Grid Operator,Grid Operator,Control Center System,Activate Backup Line | Allocate Power Supply | Authenticate Operator | Check Transformer Load | Generate Energy Report | Monitor Power Flow | Record Energy Usage | Select Distribution Area | Select Power Source | Validate Energy Billing,2026-02-26 18:43:05
44,Energy Distribution Management System,Power Management | Distribution System | Energy System,Energy Distribution Management System,"The Energy Distribution Management System facilitates the operation and monitoring of power distribution. The Grid Operator interacts with the system to record energy usage and authenticate themselves. The Control Center System is involved in selecting power sources, validating billing, and monitoring power flow. Use cases include generating reports, allocating power, checking transformer loads, activating backup lines, and selecting distribution areas. Authentication is required before selecting a power source, and billing validation includes report generation. Monitoring power flow can be extended by activating a backup line when the main power is unavailable. Transformer load checks are included in power allocation, and power flow monitoring includes transformer load checks.",Billing and Reporting | Energy Distribution | Power Grid Management | Power Supply Allocation | System Authentication,include,Validate Energy Billing,usecase,Generate Energy Report,usecase,,Control Center System | Grid Operator,Grid Operator,Control Center System,Activate Backup Line | Allocate Power Supply | Authenticate Operator | Check Transformer Load | Generate Energy Report | Monitor Power Flow | Record Energy Usage | Select Distribution Area | Select Power Source | Validate Energy Billing,2026-02-26 18:43:05
44,Energy Distribution Management System,Power Management | Distribution System | Energy System,Energy Distribution Management System,"The Energy Distribution Management System facilitates the operation and monitoring of power distribution. The Grid Operator interacts with the system to record energy usage and authenticate themselves. The Control Center System is involved in selecting power sources, validating billing, and monitoring power flow. Use cases include generating reports, allocating power, checking transformer loads, activating backup lines, and selecting distribution areas. Authentication is required before selecting a power source, and billing validation includes report generation. Monitoring power flow can be extended by activating a backup line when the main power is unavailable. Transformer load checks are included in power allocation, and power flow monitoring includes transformer load checks.",Billing and Reporting | Energy Distribution | Power Grid Management | Power Supply Allocation | System Authentication,include,Select Power Source,usecase,Select Distribution Area,usecase,,Control Center System | Grid Operator,Grid Operator,Control Center System,Activate Backup Line | Allocate Power Supply | Authenticate Operator | Check Transformer Load | Generate Energy Report | Monitor Power Flow | Record Energy Usage | Select Distribution Area | Select Power Source | Validate Energy Billing,2026-02-26 18:43:05
45,Fire Alarm System,Fire System | Alarm System,Fire Alarm System,"The Fire Alarm System is designed to detect fires, alert users and authorities, and facilitate system maintenance and shutdown. It interacts with Technicians for initialization and shutdown, Maintenance Operators for fault handling and maintenance, Installation Personnel for system setup, Civilians who are alerted in case of false alarms or actual fires, Fire Department who are informed of fire events, and Sensors which detect fire events. The system also handles system faults and displays a standby state when no fire is detected.",Alarm Systems | Emergency Response | Fire Safety | Sensor Integration | System Maintenance,association,Inform Authority,usecase,Fire Department,actor,,Civillian | Fire Department | Installation Personnel | Maintenance Operator | Sensor | Technician,Civillian | Fire Department | Installation Personnel | Maintenance Operator | Technician,Sensor,Alert User | Detect Fire | Display Standby | Handle False Alarm | Handle System Fault | Inform Authority | Initialize System | Perform Maintenance | Shutdown System | Warn Environment,2026-02-26 18:43:29
45,Fire Alarm System,Fire System | Alarm System,Fire Alarm System,"The Fire Alarm System is designed to detect fires, alert users and authorities, and facilitate system maintenance and shutdown. It interacts with Technicians for initialization and shutdown, Maintenance Operators for fault handling and maintenance, Installation Personnel for system setup, Civilians who are alerted in case of false alarms or actual fires, Fire Department who are informed of fire events, and Sensors which detect fire events. The system also handles system faults and displays a standby state when no fire is detected.",Alarm Systems | Emergency Response | Fire Safety | Sensor Integration | System Maintenance,association,Sensor,actor,Detect Fire,usecase,,Civillian | Fire Department | Installation Personnel | Maintenance Operator | Sensor | Technician,Civillian | Fire Department | Installation Personnel | Maintenance Operator | Technician,Sensor,Alert User | Detect Fire | Display Standby | Handle False Alarm | Handle System Fault | Inform Authority | Initialize System | Perform Maintenance | Shutdown System | Warn Environment,2026-02-26 18:43:29
45,Fire Alarm System,Fire System | Alarm System,Fire Alarm System,"The Fire Alarm System is designed to detect fires, alert users and authorities, and facilitate system maintenance and shutdown. It interacts with Technicians for initialization and shutdown, Maintenance Operators for fault handling and maintenance, Installation Personnel for system setup, Civilians who are alerted in case of false alarms or actual fires, Fire Department who are informed of fire events, and Sensors which detect fire events. The system also handles system faults and displays a standby state when no fire is detected.",Alarm Systems | Emergency Response | Fire Safety | Sensor Integration | System Maintenance,association,Civillian,actor,Alert User,usecase,,Civillian | Fire Department | Installation Personnel | Maintenance Operator | Sensor | Technician,Civillian | Fire Department | Installation Personnel | Maintenance Operator | Technician,Sensor,Alert User | Detect Fire | Display Standby | Handle False Alarm | Handle System Fault | Inform Authority | Initialize System | Perform Maintenance | Shutdown System | Warn Environment,2026-02-26 18:43:29
45,Fire Alarm System,Fire System | Alarm System,Fire Alarm System,"The Fire Alarm System is designed to detect fires, alert users and authorities, and facilitate system maintenance and shutdown. It interacts with Technicians for initialization and shutdown, Maintenance Operators for fault handling and maintenance, Installation Personnel for system setup, Civilians who are alerted in case of false alarms or actual fires, Fire Department who are informed of fire events, and Sensors which detect fire events. The system also handles system faults and displays a standby state when no fire is detected.",Alarm Systems | Emergency Response | Fire Safety | Sensor Integration | System Maintenance,association,Technician,actor,Shutdown System,usecase,,Civillian | Fire Department | Installation Personnel | Maintenance Operator | Sensor | Technician,Civillian | Fire Department | Installation Personnel | Maintenance Operator | Technician,Sensor,Alert User | Detect Fire | Display Standby | Handle False Alarm | Handle System Fault | Inform Authority | Initialize System | Perform Maintenance | Shutdown System | Warn Environment,2026-02-26 18:43:29
45,Fire Alarm System,Fire System | Alarm System,Fire Alarm System,"The Fire Alarm System is designed to detect fires, alert users and authorities, and facilitate system maintenance and shutdown. It interacts with Technicians for initialization and shutdown, Maintenance Operators for fault handling and maintenance, Installation Personnel for system setup, Civilians who are alerted in case of false alarms or actual fires, Fire Department who are informed of fire events, and Sensors which detect fire events. The system also handles system faults and displays a standby state when no fire is detected.",Alarm Systems | Emergency Response | Fire Safety | Sensor Integration | System Maintenance,association,Fire Department,actor,Shutdown System,usecase,,Civillian | Fire Department | Installation Personnel | Maintenance Operator | Sensor | Technician,Civillian | Fire Department | Installation Personnel | Maintenance Operator | Technician,Sensor,Alert User | Detect Fire | Display Standby | Handle False Alarm | Handle System Fault | Inform Authority | Initialize System | Perform Maintenance | Shutdown System | Warn Environment,2026-02-26 18:43:29
45,Fire Alarm System,Fire System | Alarm System,Fire Alarm System,"The Fire Alarm System is designed to detect fires, alert users and authorities, and facilitate system maintenance and shutdown. It interacts with Technicians for initialization and shutdown, Maintenance Operators for fault handling and maintenance, Installation Personnel for system setup, Civilians who are alerted in case of false alarms or actual fires, Fire Department who are informed of fire events, and Sensors which detect fire events. The system also handles system faults and displays a standby state when no fire is detected.",Alarm Systems | Emergency Response | Fire Safety | Sensor Integration | System Maintenance,association,Initialize System,usecase,Technician,actor,,Civillian | Fire Department | Installation Personnel | Maintenance Operator | Sensor | Technician,Civillian | Fire Department | Installation Personnel | Maintenance Operator | Technician,Sensor,Alert User | Detect Fire | Display Standby | Handle False Alarm | Handle System Fault | Inform Authority | Initialize System | Perform Maintenance | Shutdown System | Warn Environment,2026-02-26 18:43:29
45,Fire Alarm System,Fire System | Alarm System,Fire Alarm System,"The Fire Alarm System is designed to detect fires, alert users and authorities, and facilitate system maintenance and shutdown. It interacts with Technicians for initialization and shutdown, Maintenance Operators for fault handling and maintenance, Installation Personnel for system setup, Civilians who are alerted in case of false alarms or actual fires, Fire Department who are informed of fire events, and Sensors which detect fire events. The system also handles system faults and displays a standby state when no fire is detected.",Alarm Systems | Emergency Response | Fire Safety | Sensor Integration | System Maintenance,association,Maintenance Operator,actor,Handle System Fault,usecase,,Civillian | Fire Department | Installation Personnel | Maintenance Operator | Sensor | Technician,Civillian | Fire Department | Installation Personnel | Maintenance Operator | Technician,Sensor,Alert User | Detect Fire | Display Standby | Handle False Alarm | Handle System Fault | Inform Authority | Initialize System | Perform Maintenance | Shutdown System | Warn Environment,2026-02-26 18:43:29
45,Fire Alarm System,Fire System | Alarm System,Fire Alarm System,"The Fire Alarm System is designed to detect fires, alert users and authorities, and facilitate system maintenance and shutdown. It interacts with Technicians for initialization and shutdown, Maintenance Operators for fault handling and maintenance, Installation Personnel for system setup, Civilians who are alerted in case of false alarms or actual fires, Fire Department who are informed of fire events, and Sensors which detect fire events. The system also handles system faults and displays a standby state when no fire is detected.",Alarm Systems | Emergency Response | Fire Safety | Sensor Integration | System Maintenance,association,Maintenance Operator,actor,Perform Maintenance,usecase,,Civillian | Fire Department | Installation Personnel | Maintenance Operator | Sensor | Technician,Civillian | Fire Department | Installation Personnel | Maintenance Operator | Technician,Sensor,Alert User | Detect Fire | Display Standby | Handle False Alarm | Handle System Fault | Inform Authority | Initialize System | Perform Maintenance | Shutdown System | Warn Environment,2026-02-26 18:43:29
45,Fire Alarm System,Fire System | Alarm System,Fire Alarm System,"The Fire Alarm System is designed to detect fires, alert users and authorities, and facilitate system maintenance and shutdown. It interacts with Technicians for initialization and shutdown, Maintenance Operators for fault handling and maintenance, Installation Personnel for system setup, Civilians who are alerted in case of false alarms or actual fires, Fire Department who are informed of fire events, and Sensors which detect fire events. The system also handles system faults and displays a standby state when no fire is detected.",Alarm Systems | Emergency Response | Fire Safety | Sensor Integration | System Maintenance,association,Handle False Alarm,usecase,Civillian,actor,,Civillian | Fire Department | Installation Personnel | Maintenance Operator | Sensor | Technician,Civillian | Fire Department | Installation Personnel | Maintenance Operator | Technician,Sensor,Alert User | Detect Fire | Display Standby | Handle False Alarm | Handle System Fault | Inform Authority | Initialize System | Perform Maintenance | Shutdown System | Warn Environment,2026-02-26 18:43:29
45,Fire Alarm System,Fire System | Alarm System,Fire Alarm System,"The Fire Alarm System is designed to detect fires, alert users and authorities, and facilitate system maintenance and shutdown. It interacts with Technicians for initialization and shutdown, Maintenance Operators for fault handling and maintenance, Installation Personnel for system setup, Civilians who are alerted in case of false alarms or actual fires, Fire Department who are informed of fire events, and Sensors which detect fire events. The system also handles system faults and displays a standby state when no fire is detected.",Alarm Systems | Emergency Response | Fire Safety | Sensor Integration | System Maintenance,extend,Handle System Fault,usecase,Detect Fire,usecase,When Fault is Detected,Civillian | Fire Department | Installation Personnel | Maintenance Operator | Sensor | Technician,Civillian | Fire Department | Installation Personnel | Maintenance Operator | Technician,Sensor,Alert User | Detect Fire | Display Standby | Handle False Alarm | Handle System Fault | Inform Authority | Initialize System | Perform Maintenance | Shutdown System | Warn Environment,2026-02-26 18:43:29
45,Fire Alarm System,Fire System | Alarm System,Fire Alarm System,"The Fire Alarm System is designed to detect fires, alert users and authorities, and facilitate system maintenance and shutdown. It interacts with Technicians for initialization and shutdown, Maintenance Operators for fault handling and maintenance, Installation Personnel for system setup, Civilians who are alerted in case of false alarms or actual fires, Fire Department who are informed of fire events, and Sensors which detect fire events. The system also handles system faults and displays a standby state when no fire is detected.",Alarm Systems | Emergency Response | Fire Safety | Sensor Integration | System Maintenance,extend,Handle False Alarm,usecase,Warn Environment,usecase,When There is False Trigger,Civillian | Fire Department | Installation Personnel | Maintenance Operator | Sensor | Technician,Civillian | Fire Department | Installation Personnel | Maintenance Operator | Technician,Sensor,Alert User | Detect Fire | Display Standby | Handle False Alarm | Handle System Fault | Inform Authority | Initialize System | Perform Maintenance | Shutdown System | Warn Environment,2026-02-26 18:43:29
45,Fire Alarm System,Fire System | Alarm System,Fire Alarm System,"The Fire Alarm System is designed to detect fires, alert users and authorities, and facilitate system maintenance and shutdown. It interacts with Technicians for initialization and shutdown, Maintenance Operators for fault handling and maintenance, Installation Personnel for system setup, Civilians who are alerted in case of false alarms or actual fires, Fire Department who are informed of fire events, and Sensors which detect fire events. The system also handles system faults and displays a standby state when no fire is detected.",Alarm Systems | Emergency Response | Fire Safety | Sensor Integration | System Maintenance,generalization,Maintenance Operator,actor,Technician,actor,,Civillian | Fire Department | Installation Personnel | Maintenance Operator | Sensor | Technician,Civillian | Fire Department | Installation Personnel | Maintenance Operator | Technician,Sensor,Alert User | Detect Fire | Display Standby | Handle False Alarm | Handle System Fault | Inform Authority | Initialize System | Perform Maintenance | Shutdown System | Warn Environment,2026-02-26 18:43:29
45,Fire Alarm System,Fire System | Alarm System,Fire Alarm System,"The Fire Alarm System is designed to detect fires, alert users and authorities, and facilitate system maintenance and shutdown. It interacts with Technicians for initialization and shutdown, Maintenance Operators for fault handling and maintenance, Installation Personnel for system setup, Civilians who are alerted in case of false alarms or actual fires, Fire Department who are informed of fire events, and Sensors which detect fire events. The system also handles system faults and displays a standby state when no fire is detected.",Alarm Systems | Emergency Response | Fire Safety | Sensor Integration | System Maintenance,generalization,Installation Personnel,actor,Technician,actor,,Civillian | Fire Department | Installation Personnel | Maintenance Operator | Sensor | Technician,Civillian | Fire Department | Installation Personnel | Maintenance Operator | Technician,Sensor,Alert User | Detect Fire | Display Standby | Handle False Alarm | Handle System Fault | Inform Authority | Initialize System | Perform Maintenance | Shutdown System | Warn Environment,2026-02-26 18:43:29
45,Fire Alarm System,Fire System | Alarm System,Fire Alarm System,"The Fire Alarm System is designed to detect fires, alert users and authorities, and facilitate system maintenance and shutdown. It interacts with Technicians for initialization and shutdown, Maintenance Operators for fault handling and maintenance, Installation Personnel for system setup, Civilians who are alerted in case of false alarms or actual fires, Fire Department who are informed of fire events, and Sensors which detect fire events. The system also handles system faults and displays a standby state when no fire is detected.",Alarm Systems | Emergency Response | Fire Safety | Sensor Integration | System Maintenance,include,Detect Fire,usecase,Display Standby,usecase,,Civillian | Fire Department | Installation Personnel | Maintenance Operator | Sensor | Technician,Civillian | Fire Department | Installation Personnel | Maintenance Operator | Technician,Sensor,Alert User | Detect Fire | Display Standby | Handle False Alarm | Handle System Fault | Inform Authority | Initialize System | Perform Maintenance | Shutdown System | Warn Environment,2026-02-26 18:43:29
45,Fire Alarm System,Fire System | Alarm System,Fire Alarm System,"The Fire Alarm System is designed to detect fires, alert users and authorities, and facilitate system maintenance and shutdown. It interacts with Technicians for initialization and shutdown, Maintenance Operators for fault handling and maintenance, Installation Personnel for system setup, Civilians who are alerted in case of false alarms or actual fires, Fire Department who are informed of fire events, and Sensors which detect fire events. The system also handles system faults and displays a standby state when no fire is detected.",Alarm Systems | Emergency Response | Fire Safety | Sensor Integration | System Maintenance,include,Warn Environment,usecase,Alert User,usecase,,Civillian | Fire Department | Installation Personnel | Maintenance Operator | Sensor | Technician,Civillian | Fire Department | Installation Personnel | Maintenance Operator | Technician,Sensor,Alert User | Detect Fire | Display Standby | Handle False Alarm | Handle System Fault | Inform Authority | Initialize System | Perform Maintenance | Shutdown System | Warn Environment,2026-02-26 18:43:29
45,Fire Alarm System,Fire System | Alarm System,Fire Alarm System,"The Fire Alarm System is designed to detect fires, alert users and authorities, and facilitate system maintenance and shutdown. It interacts with Technicians for initialization and shutdown, Maintenance Operators for fault handling and maintenance, Installation Personnel for system setup, Civilians who are alerted in case of false alarms or actual fires, Fire Department who are informed of fire events, and Sensors which detect fire events. The system also handles system faults and displays a standby state when no fire is detected.",Alarm Systems | Emergency Response | Fire Safety | Sensor Integration | System Maintenance,include,Warn Environment,usecase,Inform Authority,usecase,,Civillian | Fire Department | Installation Personnel | Maintenance Operator | Sensor | Technician,Civillian | Fire Department | Installation Personnel | Maintenance Operator | Technician,Sensor,Alert User | Detect Fire | Display Standby | Handle False Alarm | Handle System Fault | Inform Authority | Initialize System | Perform Maintenance | Shutdown System | Warn Environment,2026-02-26 18:43:29
45,Fire Alarm System,Fire System | Alarm System,Fire Alarm System,"The Fire Alarm System is designed to detect fires, alert users and authorities, and facilitate system maintenance and shutdown. It interacts with Technicians for initialization and shutdown, Maintenance Operators for fault handling and maintenance, Installation Personnel for system setup, Civilians who are alerted in case of false alarms or actual fires, Fire Department who are informed of fire events, and Sensors which detect fire events. The system also handles system faults and displays a standby state when no fire is detected.",Alarm Systems | Emergency Response | Fire Safety | Sensor Integration | System Maintenance,include,Detect Fire,usecase,Initialize System,usecase,,Civillian | Fire Department | Installation Personnel | Maintenance Operator | Sensor | Technician,Civillian | Fire Department | Installation Personnel | Maintenance Operator | Technician,Sensor,Alert User | Detect Fire | Display Standby | Handle False Alarm | Handle System Fault | Inform Authority | Initialize System | Perform Maintenance | Shutdown System | Warn Environment,2026-02-26 18:43:29
45,Fire Alarm System,Fire System | Alarm System,Fire Alarm System,"The Fire Alarm System is designed to detect fires, alert users and authorities, and facilitate system maintenance and shutdown. It interacts with Technicians for initialization and shutdown, Maintenance Operators for fault handling and maintenance, Installation Personnel for system setup, Civilians who are alerted in case of false alarms or actual fires, Fire Department who are informed of fire events, and Sensors which detect fire events. The system also handles system faults and displays a standby state when no fire is detected.",Alarm Systems | Emergency Response | Fire Safety | Sensor Integration | System Maintenance,include,Detect Fire,usecase,Shutdown System,usecase,,Civillian | Fire Department | Installation Personnel | Maintenance Operator | Sensor | Technician,Civillian | Fire Department | Installation Personnel | Maintenance Operator | Technician,Sensor,Alert User | Detect Fire | Display Standby | Handle False Alarm | Handle System Fault | Inform Authority | Initialize System | Perform Maintenance | Shutdown System | Warn Environment,2026-02-26 18:43:29
46,Exam Mobile Application ,Mobile Exam | Exam System | Exam App,Exam Mobile Application ,"The Exam Mobile Application facilitates exam result management, candidate registration, and transcript verification. Students access their accounts and results, while Data Entry Personnel manage registration and session termination. Qualification Managers authorize results and generate transcripts, and Data Managers verify results. The system supports result updates, reporting, and transcript issuance.",Candidate Registration | Exam Result Management | Reporting and Analytics | Transcript Verification | User Account Management,association,Student,actor,Access Account,usecase,,Data Entry Personnel | Data Manager | Qualification Manager | Student,Data Entry Personnel | Data Manager | Qualification Manager | Student,,Access Account | Authorize Result | Edit Result | Enter Result | Generate Report | Generate Transcript | Publish Result | Recieve Transcript | Register Candidate | Terminate Session | Update Information | Verify Result | Verify Transcript | View Registration Data | View Result,2026-02-26 18:43:53
46,Exam Mobile Application ,Mobile Exam | Exam System | Exam App,Exam Mobile Application ,"The Exam Mobile Application facilitates exam result management, candidate registration, and transcript verification. Students access their accounts and results, while Data Entry Personnel manage registration and session termination. Qualification Managers authorize results and generate transcripts, and Data Managers verify results. The system supports result updates, reporting, and transcript issuance.",Candidate Registration | Exam Result Management | Reporting and Analytics | Transcript Verification | User Account Management,association,Qualification Manager,actor,Generate Transcript,usecase,,Data Entry Personnel | Data Manager | Qualification Manager | Student,Data Entry Personnel | Data Manager | Qualification Manager | Student,,Access Account | Authorize Result | Edit Result | Enter Result | Generate Report | Generate Transcript | Publish Result | Recieve Transcript | Register Candidate | Terminate Session | Update Information | Verify Result | Verify Transcript | View Registration Data | View Result,2026-02-26 18:43:53
46,Exam Mobile Application ,Mobile Exam | Exam System | Exam App,Exam Mobile Application ,"The Exam Mobile Application facilitates exam result management, candidate registration, and transcript verification. Students access their accounts and results, while Data Entry Personnel manage registration and session termination. Qualification Managers authorize results and generate transcripts, and Data Managers verify results. The system supports result updates, reporting, and transcript issuance.",Candidate Registration | Exam Result Management | Reporting and Analytics | Transcript Verification | User Account Management,association,Qualification Manager,actor,Authorize Result,usecase,,Data Entry Personnel | Data Manager | Qualification Manager | Student,Data Entry Personnel | Data Manager | Qualification Manager | Student,,Access Account | Authorize Result | Edit Result | Enter Result | Generate Report | Generate Transcript | Publish Result | Recieve Transcript | Register Candidate | Terminate Session | Update Information | Verify Result | Verify Transcript | View Registration Data | View Result,2026-02-26 18:43:53
46,Exam Mobile Application ,Mobile Exam | Exam System | Exam App,Exam Mobile Application ,"The Exam Mobile Application facilitates exam result management, candidate registration, and transcript verification. Students access their accounts and results, while Data Entry Personnel manage registration and session termination. Qualification Managers authorize results and generate transcripts, and Data Managers verify results. The system supports result updates, reporting, and transcript issuance.",Candidate Registration | Exam Result Management | Reporting and Analytics | Transcript Verification | User Account Management,association,Student,actor,View Registration Data,usecase,,Data Entry Personnel | Data Manager | Qualification Manager | Student,Data Entry Personnel | Data Manager | Qualification Manager | Student,,Access Account | Authorize Result | Edit Result | Enter Result | Generate Report | Generate Transcript | Publish Result | Recieve Transcript | Register Candidate | Terminate Session | Update Information | Verify Result | Verify Transcript | View Registration Data | View Result,2026-02-26 18:43:53
46,Exam Mobile Application ,Mobile Exam | Exam System | Exam App,Exam Mobile Application ,"The Exam Mobile Application facilitates exam result management, candidate registration, and transcript verification. Students access their accounts and results, while Data Entry Personnel manage registration and session termination. Qualification Managers authorize results and generate transcripts, and Data Managers verify results. The system supports result updates, reporting, and transcript issuance.",Candidate Registration | Exam Result Management | Reporting and Analytics | Transcript Verification | User Account Management,association,Student,actor,View Result,usecase,,Data Entry Personnel | Data Manager | Qualification Manager | Student,Data Entry Personnel | Data Manager | Qualification Manager | Student,,Access Account | Authorize Result | Edit Result | Enter Result | Generate Report | Generate Transcript | Publish Result | Recieve Transcript | Register Candidate | Terminate Session | Update Information | Verify Result | Verify Transcript | View Registration Data | View Result,2026-02-26 18:43:53
46,Exam Mobile Application ,Mobile Exam | Exam System | Exam App,Exam Mobile Application ,"The Exam Mobile Application facilitates exam result management, candidate registration, and transcript verification. Students access their accounts and results, while Data Entry Personnel manage registration and session termination. Qualification Managers authorize results and generate transcripts, and Data Managers verify results. The system supports result updates, reporting, and transcript issuance.",Candidate Registration | Exam Result Management | Reporting and Analytics | Transcript Verification | User Account Management,association,Student,actor,Terminate Session,usecase,,Data Entry Personnel | Data Manager | Qualification Manager | Student,Data Entry Personnel | Data Manager | Qualification Manager | Student,,Access Account | Authorize Result | Edit Result | Enter Result | Generate Report | Generate Transcript | Publish Result | Recieve Transcript | Register Candidate | Terminate Session | Update Information | Verify Result | Verify Transcript | View Registration Data | View Result,2026-02-26 18:43:53
46,Exam Mobile Application ,Mobile Exam | Exam System | Exam App,Exam Mobile Application ,"The Exam Mobile Application facilitates exam result management, candidate registration, and transcript verification. Students access their accounts and results, while Data Entry Personnel manage registration and session termination. Qualification Managers authorize results and generate transcripts, and Data Managers verify results. The system supports result updates, reporting, and transcript issuance.",Candidate Registration | Exam Result Management | Reporting and Analytics | Transcript Verification | User Account Management,association,Data Entry Personnel,actor,Terminate Session,usecase,,Data Entry Personnel | Data Manager | Qualification Manager | Student,Data Entry Personnel | Data Manager | Qualification Manager | Student,,Access Account | Authorize Result | Edit Result | Enter Result | Generate Report | Generate Transcript | Publish Result | Recieve Transcript | Register Candidate | Terminate Session | Update Information | Verify Result | Verify Transcript | View Registration Data | View Result,2026-02-26 18:43:53
46,Exam Mobile Application ,Mobile Exam | Exam System | Exam App,Exam Mobile Application ,"The Exam Mobile Application facilitates exam result management, candidate registration, and transcript verification. Students access their accounts and results, while Data Entry Personnel manage registration and session termination. Qualification Managers authorize results and generate transcripts, and Data Managers verify results. The system supports result updates, reporting, and transcript issuance.",Candidate Registration | Exam Result Management | Reporting and Analytics | Transcript Verification | User Account Management,association,Data Manager,actor,Verify Result,usecase,,Data Entry Personnel | Data Manager | Qualification Manager | Student,Data Entry Personnel | Data Manager | Qualification Manager | Student,,Access Account | Authorize Result | Edit Result | Enter Result | Generate Report | Generate Transcript | Publish Result | Recieve Transcript | Register Candidate | Terminate Session | Update Information | Verify Result | Verify Transcript | View Registration Data | View Result,2026-02-26 18:43:53
46,Exam Mobile Application ,Mobile Exam | Exam System | Exam App,Exam Mobile Application ,"The Exam Mobile Application facilitates exam result management, candidate registration, and transcript verification. Students access their accounts and results, while Data Entry Personnel manage registration and session termination. Qualification Managers authorize results and generate transcripts, and Data Managers verify results. The system supports result updates, reporting, and transcript issuance.",Candidate Registration | Exam Result Management | Reporting and Analytics | Transcript Verification | User Account Management,association,Data Entry Personnel,actor,Access Account,usecase,,Data Entry Personnel | Data Manager | Qualification Manager | Student,Data Entry Personnel | Data Manager | Qualification Manager | Student,,Access Account | Authorize Result | Edit Result | Enter Result | Generate Report | Generate Transcript | Publish Result | Recieve Transcript | Register Candidate | Terminate Session | Update Information | Verify Result | Verify Transcript | View Registration Data | View Result,2026-02-26 18:43:53
46,Exam Mobile Application ,Mobile Exam | Exam System | Exam App,Exam Mobile Application ,"The Exam Mobile Application facilitates exam result management, candidate registration, and transcript verification. Students access their accounts and results, while Data Entry Personnel manage registration and session termination. Qualification Managers authorize results and generate transcripts, and Data Managers verify results. The system supports result updates, reporting, and transcript issuance.",Candidate Registration | Exam Result Management | Reporting and Analytics | Transcript Verification | User Account Management,association,Data Entry Personnel,actor,Register Candidate,usecase,,Data Entry Personnel | Data Manager | Qualification Manager | Student,Data Entry Personnel | Data Manager | Qualification Manager | Student,,Access Account | Authorize Result | Edit Result | Enter Result | Generate Report | Generate Transcript | Publish Result | Recieve Transcript | Register Candidate | Terminate Session | Update Information | Verify Result | Verify Transcript | View Registration Data | View Result,2026-02-26 18:43:53
46,Exam Mobile Application ,Mobile Exam | Exam System | Exam App,Exam Mobile Application ,"The Exam Mobile Application facilitates exam result management, candidate registration, and transcript verification. Students access their accounts and results, while Data Entry Personnel manage registration and session termination. Qualification Managers authorize results and generate transcripts, and Data Managers verify results. The system supports result updates, reporting, and transcript issuance.",Candidate Registration | Exam Result Management | Reporting and Analytics | Transcript Verification | User Account Management,extend,Edit Result,usecase,Verify Result,usecase,When Change is Required,Data Entry Personnel | Data Manager | Qualification Manager | Student,Data Entry Personnel | Data Manager | Qualification Manager | Student,,Access Account | Authorize Result | Edit Result | Enter Result | Generate Report | Generate Transcript | Publish Result | Recieve Transcript | Register Candidate | Terminate Session | Update Information | Verify Result | Verify Transcript | View Registration Data | View Result,2026-02-26 18:43:53
46,Exam Mobile Application ,Mobile Exam | Exam System | Exam App,Exam Mobile Application ,"The Exam Mobile Application facilitates exam result management, candidate registration, and transcript verification. Students access their accounts and results, while Data Entry Personnel manage registration and session termination. Qualification Managers authorize results and generate transcripts, and Data Managers verify results. The system supports result updates, reporting, and transcript issuance.",Candidate Registration | Exam Result Management | Reporting and Analytics | Transcript Verification | User Account Management,include,Authorize Result,usecase,Publish Result,usecase,,Data Entry Personnel | Data Manager | Qualification Manager | Student,Data Entry Personnel | Data Manager | Qualification Manager | Student,,Access Account | Authorize Result | Edit Result | Enter Result | Generate Report | Generate Transcript | Publish Result | Recieve Transcript | Register Candidate | Terminate Session | Update Information | Verify Result | Verify Transcript | View Registration Data | View Result,2026-02-26 18:43:53
46,Exam Mobile Application ,Mobile Exam | Exam System | Exam App,Exam Mobile Application ,"The Exam Mobile Application facilitates exam result management, candidate registration, and transcript verification. Students access their accounts and results, while Data Entry Personnel manage registration and session termination. Qualification Managers authorize results and generate transcripts, and Data Managers verify results. The system supports result updates, reporting, and transcript issuance.",Candidate Registration | Exam Result Management | Reporting and Analytics | Transcript Verification | User Account Management,include,Recieve Transcript,usecase,Verify Transcript,usecase,,Data Entry Personnel | Data Manager | Qualification Manager | Student,Data Entry Personnel | Data Manager | Qualification Manager | Student,,Access Account | Authorize Result | Edit Result | Enter Result | Generate Report | Generate Transcript | Publish Result | Recieve Transcript | Register Candidate | Terminate Session | Update Information | Verify Result | Verify Transcript | View Registration Data | View Result,2026-02-26 18:43:53
46,Exam Mobile Application ,Mobile Exam | Exam System | Exam App,Exam Mobile Application ,"The Exam Mobile Application facilitates exam result management, candidate registration, and transcript verification. Students access their accounts and results, while Data Entry Personnel manage registration and session termination. Qualification Managers authorize results and generate transcripts, and Data Managers verify results. The system supports result updates, reporting, and transcript issuance.",Candidate Registration | Exam Result Management | Reporting and Analytics | Transcript Verification | User Account Management,include,Generate Transcript,usecase,Recieve Transcript,usecase,,Data Entry Personnel | Data Manager | Qualification Manager | Student,Data Entry Personnel | Data Manager | Qualification Manager | Student,,Access Account | Authorize Result | Edit Result | Enter Result | Generate Report | Generate Transcript | Publish Result | Recieve Transcript | Register Candidate | Terminate Session | Update Information | Verify Result | Verify Transcript | View Registration Data | View Result,2026-02-26 18:43:53
46,Exam Mobile Application ,Mobile Exam | Exam System | Exam App,Exam Mobile Application ,"The Exam Mobile Application facilitates exam result management, candidate registration, and transcript verification. Students access their accounts and results, while Data Entry Personnel manage registration and session termination. Qualification Managers authorize results and generate transcripts, and Data Managers verify results. The system supports result updates, reporting, and transcript issuance.",Candidate Registration | Exam Result Management | Reporting and Analytics | Transcript Verification | User Account Management,include,Verify Result,usecase,Generate Report,usecase,,Data Entry Personnel | Data Manager | Qualification Manager | Student,Data Entry Personnel | Data Manager | Qualification Manager | Student,,Access Account | Authorize Result | Edit Result | Enter Result | Generate Report | Generate Transcript | Publish Result | Recieve Transcript | Register Candidate | Terminate Session | Update Information | Verify Result | Verify Transcript | View Registration Data | View Result,2026-02-26 18:43:53
46,Exam Mobile Application ,Mobile Exam | Exam System | Exam App,Exam Mobile Application ,"The Exam Mobile Application facilitates exam result management, candidate registration, and transcript verification. Students access their accounts and results, while Data Entry Personnel manage registration and session termination. Qualification Managers authorize results and generate transcripts, and Data Managers verify results. The system supports result updates, reporting, and transcript issuance.",Candidate Registration | Exam Result Management | Reporting and Analytics | Transcript Verification | User Account Management,include,Enter Result,usecase,Update Information,usecase,,Data Entry Personnel | Data Manager | Qualification Manager | Student,Data Entry Personnel | Data Manager | Qualification Manager | Student,,Access Account | Authorize Result | Edit Result | Enter Result | Generate Report | Generate Transcript | Publish Result | Recieve Transcript | Register Candidate | Terminate Session | Update Information | Verify Result | Verify Transcript | View Registration Data | View Result,2026-02-26 18:43:53
46,Exam Mobile Application ,Mobile Exam | Exam System | Exam App,Exam Mobile Application ,"The Exam Mobile Application facilitates exam result management, candidate registration, and transcript verification. Students access their accounts and results, while Data Entry Personnel manage registration and session termination. Qualification Managers authorize results and generate transcripts, and Data Managers verify results. The system supports result updates, reporting, and transcript issuance.",Candidate Registration | Exam Result Management | Reporting and Analytics | Transcript Verification | User Account Management,include,Register Candidate,usecase,Enter Result,usecase,,Data Entry Personnel | Data Manager | Qualification Manager | Student,Data Entry Personnel | Data Manager | Qualification Manager | Student,,Access Account | Authorize Result | Edit Result | Enter Result | Generate Report | Generate Transcript | Publish Result | Recieve Transcript | Register Candidate | Terminate Session | Update Information | Verify Result | Verify Transcript | View Registration Data | View Result,2026-02-26 18:43:53
47,Airport Management System,Management System | Airport System,Airport Management System,"The Airport Management System facilitates the coordination of air traffic control, ground operations, and airport safety. The ATC manages control zones and clearances, while also being involved in conflict alerting and prevention, and mission planning. The Ground Operations Team and Airport Safety Team primarily participate in conflict alerting and mission planning respectively. The system extends conflict alerting with conflict prevention when a conflict occurs.",Air Traffic Control | Airport Operations | Conflict Management | Mission Planning | Safety and Security,association,Ground Operations Team,actor,Alert During Conflict,usecase,,Airport Safety Team | ATC | Ground Operations Team,,Airport Safety Team | ATC | Ground Operations Team,Alert During Conflict | Manage Clearance | Manage Control Zone | Plan Mission | Prevent Conflict,2026-02-26 18:44:16
47,Airport Management System,Management System | Airport System,Airport Management System,"The Airport Management System facilitates the coordination of air traffic control, ground operations, and airport safety. The ATC manages control zones and clearances, while also being involved in conflict alerting and prevention, and mission planning. The Ground Operations Team and Airport Safety Team primarily participate in conflict alerting and mission planning respectively. The system extends conflict alerting with conflict prevention when a conflict occurs.",Air Traffic Control | Airport Operations | Conflict Management | Mission Planning | Safety and Security,association,Airport Safety Team,actor,Alert During Conflict,usecase,,Airport Safety Team | ATC | Ground Operations Team,,Airport Safety Team | ATC | Ground Operations Team,Alert During Conflict | Manage Clearance | Manage Control Zone | Plan Mission | Prevent Conflict,2026-02-26 18:44:16
47,Airport Management System,Management System | Airport System,Airport Management System,"The Airport Management System facilitates the coordination of air traffic control, ground operations, and airport safety. The ATC manages control zones and clearances, while also being involved in conflict alerting and prevention, and mission planning. The Ground Operations Team and Airport Safety Team primarily participate in conflict alerting and mission planning respectively. The system extends conflict alerting with conflict prevention when a conflict occurs.",Air Traffic Control | Airport Operations | Conflict Management | Mission Planning | Safety and Security,association,Airport Safety Team,actor,Plan Mission,usecase,,Airport Safety Team | ATC | Ground Operations Team,,Airport Safety Team | ATC | Ground Operations Team,Alert During Conflict | Manage Clearance | Manage Control Zone | Plan Mission | Prevent Conflict,2026-02-26 18:44:16
47,Airport Management System,Management System | Airport System,Airport Management System,"The Airport Management System facilitates the coordination of air traffic control, ground operations, and airport safety. The ATC manages control zones and clearances, while also being involved in conflict alerting and prevention, and mission planning. The Ground Operations Team and Airport Safety Team primarily participate in conflict alerting and mission planning respectively. The system extends conflict alerting with conflict prevention when a conflict occurs.",Air Traffic Control | Airport Operations | Conflict Management | Mission Planning | Safety and Security,association,ATC,actor,Manage Control Zone,usecase,,Airport Safety Team | ATC | Ground Operations Team,,Airport Safety Team | ATC | Ground Operations Team,Alert During Conflict | Manage Clearance | Manage Control Zone | Plan Mission | Prevent Conflict,2026-02-26 18:44:16
47,Airport Management System,Management System | Airport System,Airport Management System,"The Airport Management System facilitates the coordination of air traffic control, ground operations, and airport safety. The ATC manages control zones and clearances, while also being involved in conflict alerting and prevention, and mission planning. The Ground Operations Team and Airport Safety Team primarily participate in conflict alerting and mission planning respectively. The system extends conflict alerting with conflict prevention when a conflict occurs.",Air Traffic Control | Airport Operations | Conflict Management | Mission Planning | Safety and Security,association,ATC,actor,Manage Clearance,usecase,,Airport Safety Team | ATC | Ground Operations Team,,Airport Safety Team | ATC | Ground Operations Team,Alert During Conflict | Manage Clearance | Manage Control Zone | Plan Mission | Prevent Conflict,2026-02-26 18:44:16
47,Airport Management System,Management System | Airport System,Airport Management System,"The Airport Management System facilitates the coordination of air traffic control, ground operations, and airport safety. The ATC manages control zones and clearances, while also being involved in conflict alerting and prevention, and mission planning. The Ground Operations Team and Airport Safety Team primarily participate in conflict alerting and mission planning respectively. The system extends conflict alerting with conflict prevention when a conflict occurs.",Air Traffic Control | Airport Operations | Conflict Management | Mission Planning | Safety and Security,association,ATC,actor,Alert During Conflict,usecase,,Airport Safety Team | ATC | Ground Operations Team,,Airport Safety Team | ATC | Ground Operations Team,Alert During Conflict | Manage Clearance | Manage Control Zone | Plan Mission | Prevent Conflict,2026-02-26 18:44:16
47,Airport Management System,Management System | Airport System,Airport Management System,"The Airport Management System facilitates the coordination of air traffic control, ground operations, and airport safety. The ATC manages control zones and clearances, while also being involved in conflict alerting and prevention, and mission planning. The Ground Operations Team and Airport Safety Team primarily participate in conflict alerting and mission planning respectively. The system extends conflict alerting with conflict prevention when a conflict occurs.",Air Traffic Control | Airport Operations | Conflict Management | Mission Planning | Safety and Security,association,ATC,actor,Prevent Conflict,usecase,,Airport Safety Team | ATC | Ground Operations Team,,Airport Safety Team | ATC | Ground Operations Team,Alert During Conflict | Manage Clearance | Manage Control Zone | Plan Mission | Prevent Conflict,2026-02-26 18:44:16
47,Airport Management System,Management System | Airport System,Airport Management System,"The Airport Management System facilitates the coordination of air traffic control, ground operations, and airport safety. The ATC manages control zones and clearances, while also being involved in conflict alerting and prevention, and mission planning. The Ground Operations Team and Airport Safety Team primarily participate in conflict alerting and mission planning respectively. The system extends conflict alerting with conflict prevention when a conflict occurs.",Air Traffic Control | Airport Operations | Conflict Management | Mission Planning | Safety and Security,association,ATC,actor,Plan Mission,usecase,,Airport Safety Team | ATC | Ground Operations Team,,Airport Safety Team | ATC | Ground Operations Team,Alert During Conflict | Manage Clearance | Manage Control Zone | Plan Mission | Prevent Conflict,2026-02-26 18:44:16
47,Airport Management System,Management System | Airport System,Airport Management System,"The Airport Management System facilitates the coordination of air traffic control, ground operations, and airport safety. The ATC manages control zones and clearances, while also being involved in conflict alerting and prevention, and mission planning. The Ground Operations Team and Airport Safety Team primarily participate in conflict alerting and mission planning respectively. The system extends conflict alerting with conflict prevention when a conflict occurs.",Air Traffic Control | Airport Operations | Conflict Management | Mission Planning | Safety and Security,extend,Alert During Conflict,usecase,Prevent Conflict,usecase,When Conflict Occurs,Airport Safety Team | ATC | Ground Operations Team,,Airport Safety Team | ATC | Ground Operations Team,Alert During Conflict | Manage Clearance | Manage Control Zone | Plan Mission | Prevent Conflict,2026-02-26 18:44:16
48,Monitoring System,System Monitor | Monitor System,Monitoring System,"The Monitoring System enables Operators, Advanced Operators, Intruders, and Supervisors to interact with environmental monitoring and system control functions. Operators perform autonomous monitoring, while Advanced Operators can set up tracking and perform manual monitoring. Intruders can monitor the environment, and Supervisors handle camera faults. The system includes initialization and termination procedures as part of environmental monitoring.",Environmental Monitoring | Fault Management | Operator Interface | Security Monitoring | System Administration,association,Operator,actor,Perform Autonomous Monitoring,usecase,,Advanced Operator | Intruder | Operator | Supervisor,Advanced Operator | Intruder | Operator | Supervisor,,Handle Camera Fault | Initialize System | Monitor Environment | Perform Autonomous Monitoring | Perform Manual Monitoring | Setup Track | Terminate System,2026-02-26 18:44:37
48,Monitoring System,System Monitor | Monitor System,Monitoring System,"The Monitoring System enables Operators, Advanced Operators, Intruders, and Supervisors to interact with environmental monitoring and system control functions. Operators perform autonomous monitoring, while Advanced Operators can set up tracking and perform manual monitoring. Intruders can monitor the environment, and Supervisors handle camera faults. The system includes initialization and termination procedures as part of environmental monitoring.",Environmental Monitoring | Fault Management | Operator Interface | Security Monitoring | System Administration,association,Advanced Operator,actor,Setup Track,usecase,,Advanced Operator | Intruder | Operator | Supervisor,Advanced Operator | Intruder | Operator | Supervisor,,Handle Camera Fault | Initialize System | Monitor Environment | Perform Autonomous Monitoring | Perform Manual Monitoring | Setup Track | Terminate System,2026-02-26 18:44:37
48,Monitoring System,System Monitor | Monitor System,Monitoring System,"The Monitoring System enables Operators, Advanced Operators, Intruders, and Supervisors to interact with environmental monitoring and system control functions. Operators perform autonomous monitoring, while Advanced Operators can set up tracking and perform manual monitoring. Intruders can monitor the environment, and Supervisors handle camera faults. The system includes initialization and termination procedures as part of environmental monitoring.",Environmental Monitoring | Fault Management | Operator Interface | Security Monitoring | System Administration,association,Advanced Operator,actor,Perform Manual Monitoring,usecase,,Advanced Operator | Intruder | Operator | Supervisor,Advanced Operator | Intruder | Operator | Supervisor,,Handle Camera Fault | Initialize System | Monitor Environment | Perform Autonomous Monitoring | Perform Manual Monitoring | Setup Track | Terminate System,2026-02-26 18:44:37
48,Monitoring System,System Monitor | Monitor System,Monitoring System,"The Monitoring System enables Operators, Advanced Operators, Intruders, and Supervisors to interact with environmental monitoring and system control functions. Operators perform autonomous monitoring, while Advanced Operators can set up tracking and perform manual monitoring. Intruders can monitor the environment, and Supervisors handle camera faults. The system includes initialization and termination procedures as part of environmental monitoring.",Environmental Monitoring | Fault Management | Operator Interface | Security Monitoring | System Administration,association,Intruder,actor,Monitor Environment,usecase,,Advanced Operator | Intruder | Operator | Supervisor,Advanced Operator | Intruder | Operator | Supervisor,,Handle Camera Fault | Initialize System | Monitor Environment | Perform Autonomous Monitoring | Perform Manual Monitoring | Setup Track | Terminate System,2026-02-26 18:44:37
48,Monitoring System,System Monitor | Monitor System,Monitoring System,"The Monitoring System enables Operators, Advanced Operators, Intruders, and Supervisors to interact with environmental monitoring and system control functions. Operators perform autonomous monitoring, while Advanced Operators can set up tracking and perform manual monitoring. Intruders can monitor the environment, and Supervisors handle camera faults. The system includes initialization and termination procedures as part of environmental monitoring.",Environmental Monitoring | Fault Management | Operator Interface | Security Monitoring | System Administration,association,Supervisor,actor,Handle Camera Fault,usecase,,Advanced Operator | Intruder | Operator | Supervisor,Advanced Operator | Intruder | Operator | Supervisor,,Handle Camera Fault | Initialize System | Monitor Environment | Perform Autonomous Monitoring | Perform Manual Monitoring | Setup Track | Terminate System,2026-02-26 18:44:37
48,Monitoring System,System Monitor | Monitor System,Monitoring System,"The Monitoring System enables Operators, Advanced Operators, Intruders, and Supervisors to interact with environmental monitoring and system control functions. Operators perform autonomous monitoring, while Advanced Operators can set up tracking and perform manual monitoring. Intruders can monitor the environment, and Supervisors handle camera faults. The system includes initialization and termination procedures as part of environmental monitoring.",Environmental Monitoring | Fault Management | Operator Interface | Security Monitoring | System Administration,extend,Handle Camera Fault,usecase,Monitor Environment,usecase,When Fault is Detected,Advanced Operator | Intruder | Operator | Supervisor,Advanced Operator | Intruder | Operator | Supervisor,,Handle Camera Fault | Initialize System | Monitor Environment | Perform Autonomous Monitoring | Perform Manual Monitoring | Setup Track | Terminate System,2026-02-26 18:44:37
48,Monitoring System,System Monitor | Monitor System,Monitoring System,"The Monitoring System enables Operators, Advanced Operators, Intruders, and Supervisors to interact with environmental monitoring and system control functions. Operators perform autonomous monitoring, while Advanced Operators can set up tracking and perform manual monitoring. Intruders can monitor the environment, and Supervisors handle camera faults. The system includes initialization and termination procedures as part of environmental monitoring.",Environmental Monitoring | Fault Management | Operator Interface | Security Monitoring | System Administration,generalization,Perform Autonomous Monitoring,usecase,Monitor Environment,usecase,,Advanced Operator | Intruder | Operator | Supervisor,Advanced Operator | Intruder | Operator | Supervisor,,Handle Camera Fault | Initialize System | Monitor Environment | Perform Autonomous Monitoring | Perform Manual Monitoring | Setup Track | Terminate System,2026-02-26 18:44:37
48,Monitoring System,System Monitor | Monitor System,Monitoring System,"The Monitoring System enables Operators, Advanced Operators, Intruders, and Supervisors to interact with environmental monitoring and system control functions. Operators perform autonomous monitoring, while Advanced Operators can set up tracking and perform manual monitoring. Intruders can monitor the environment, and Supervisors handle camera faults. The system includes initialization and termination procedures as part of environmental monitoring.",Environmental Monitoring | Fault Management | Operator Interface | Security Monitoring | System Administration,generalization,Perform Manual Monitoring,usecase,Monitor Environment,usecase,,Advanced Operator | Intruder | Operator | Supervisor,Advanced Operator | Intruder | Operator | Supervisor,,Handle Camera Fault | Initialize System | Monitor Environment | Perform Autonomous Monitoring | Perform Manual Monitoring | Setup Track | Terminate System,2026-02-26 18:44:37
48,Monitoring System,System Monitor | Monitor System,Monitoring System,"The Monitoring System enables Operators, Advanced Operators, Intruders, and Supervisors to interact with environmental monitoring and system control functions. Operators perform autonomous monitoring, while Advanced Operators can set up tracking and perform manual monitoring. Intruders can monitor the environment, and Supervisors handle camera faults. The system includes initialization and termination procedures as part of environmental monitoring.",Environmental Monitoring | Fault Management | Operator Interface | Security Monitoring | System Administration,include,Monitor Environment,usecase,Initialize System,usecase,,Advanced Operator | Intruder | Operator | Supervisor,Advanced Operator | Intruder | Operator | Supervisor,,Handle Camera Fault | Initialize System | Monitor Environment | Perform Autonomous Monitoring | Perform Manual Monitoring | Setup Track | Terminate System,2026-02-26 18:44:37
48,Monitoring System,System Monitor | Monitor System,Monitoring System,"The Monitoring System enables Operators, Advanced Operators, Intruders, and Supervisors to interact with environmental monitoring and system control functions. Operators perform autonomous monitoring, while Advanced Operators can set up tracking and perform manual monitoring. Intruders can monitor the environment, and Supervisors handle camera faults. The system includes initialization and termination procedures as part of environmental monitoring.",Environmental Monitoring | Fault Management | Operator Interface | Security Monitoring | System Administration,include,Monitor Environment,usecase,Terminate System,usecase,,Advanced Operator | Intruder | Operator | Supervisor,Advanced Operator | Intruder | Operator | Supervisor,,Handle Camera Fault | Initialize System | Monitor Environment | Perform Autonomous Monitoring | Perform Manual Monitoring | Setup Track | Terminate System,2026-02-26 18:44:37
49,Missile System,Weapon System | Missile,Missile System,"The Missile System is operated by a Launch Station to engage targets and launch missiles. The system includes procedures for testing and handling failed launch scenarios. The Launch Station initiates target engagement, missile launches, and manages failed launch procedures, which may extend the launch process with testing.",Failure Management | Launch Operations | Missile Defense | System Testing | Weapon Systems,association,Launch Station,actor,Engage Target,usecase,,Launch Station,,Launch Station,Engage Target | Execute Failed Launch Procedure | Launch Missile | Trigger Test,2026-02-26 18:44:58
49,Missile System,Weapon System | Missile,Missile System,"The Missile System is operated by a Launch Station to engage targets and launch missiles. The system includes procedures for testing and handling failed launch scenarios. The Launch Station initiates target engagement, missile launches, and manages failed launch procedures, which may extend the launch process with testing.",Failure Management | Launch Operations | Missile Defense | System Testing | Weapon Systems,association,Launch Station,actor,Launch Missile,usecase,,Launch Station,,Launch Station,Engage Target | Execute Failed Launch Procedure | Launch Missile | Trigger Test,2026-02-26 18:44:58
49,Missile System,Weapon System | Missile,Missile System,"The Missile System is operated by a Launch Station to engage targets and launch missiles. The system includes procedures for testing and handling failed launch scenarios. The Launch Station initiates target engagement, missile launches, and manages failed launch procedures, which may extend the launch process with testing.",Failure Management | Launch Operations | Missile Defense | System Testing | Weapon Systems,association,Launch Station,actor,Execute Failed Launch Procedure,usecase,,Launch Station,,Launch Station,Engage Target | Execute Failed Launch Procedure | Launch Missile | Trigger Test,2026-02-26 18:44:58
49,Missile System,Weapon System | Missile,Missile System,"The Missile System is operated by a Launch Station to engage targets and launch missiles. The system includes procedures for testing and handling failed launch scenarios. The Launch Station initiates target engagement, missile launches, and manages failed launch procedures, which may extend the launch process with testing.",Failure Management | Launch Operations | Missile Defense | System Testing | Weapon Systems,extend,Execute Failed Launch Procedure,usecase,Launch Missile,usecase,When Missile Launch Fails,Launch Station,,Launch Station,Engage Target | Execute Failed Launch Procedure | Launch Missile | Trigger Test,2026-02-26 18:44:58
49,Missile System,Weapon System | Missile,Missile System,"The Missile System is operated by a Launch Station to engage targets and launch missiles. The system includes procedures for testing and handling failed launch scenarios. The Launch Station initiates target engagement, missile launches, and manages failed launch procedures, which may extend the launch process with testing.",Failure Management | Launch Operations | Missile Defense | System Testing | Weapon Systems,include,Launch Missile,usecase,Trigger Test,usecase,,Launch Station,,Launch Station,Engage Target | Execute Failed Launch Procedure | Launch Missile | Trigger Test,2026-02-26 18:44:58
